User_ID,Attempt_Number,H_mean_ms,H_median_ms,H_std_ms,F_mean_ms,F_median_ms,F_std_ms,T_total_ms,Drift_Level
DSU-SYN-01,1,110.645,89.9,30.365,103.23,61.211,19.106,1841.868,0.008163
DSU-SYN-01,2,110.187,81.383,31.432,97.472,57.136,21.03,1751.899,0.009952
DSU-SYN-01,3,108.25,93.146,29.953,93.501,56.093,20.651,1827.45,0.012128
DSU-SYN-01,4,115.567,90.07,33.929,101.818,68.898,18.038,1687.197,0.014774
DSU-SYN-01,5,117.002,83.555,32.11,106.421,45.383,15.436,1716.318,0.017986
DSU-SYN-01,6,105.08,88.112,33.17,100.307,46.598,12.806,1833.38,0.021881
DSU-SYN-01,7,106.776,88.296,33.637,99.582,59.729,19.174,1868.095,0.026597
DSU-SYN-01,8,105.715,85.203,32.402,103.802,52.92,19.928,1814.091,0.032295
DSU-SYN-01,9,108.774,90.373,26.962,91.251,46.527,12.82,1787.282,0.039166
DSU-SYN-01,10,113.257,84.949,32.479,105.747,63.551,18.515,1931.99,0.047426
DSU-SYN-01,11,110.149,82.365,30.547,90.546,50.454,17.835,1896.459,0.057324
DSU-SYN-01,12,118.505,79.854,33.073,93.446,58.867,18.452,1715.589,0.069138
DSU-SYN-01,13,114.795,83.992,30.825,93.579,52.374,19.908,1834.716,0.083173
DSU-SYN-01,14,112.095,89.125,35.543,98.306,47.77,21.576,1829.732,0.09975
DSU-SYN-01,15,116.375,89.583,32.009,102.883,68.727,24.182,1863.629,0.119203
DSU-SYN-01,16,112.011,93.455,30.333,103.287,57.318,19.87,1807.231,0.141851
DSU-SYN-01,17,103.732,78.179,29.782,99.111,56.237,24.038,1950.825,0.167982
DSU-SYN-01,18,107.407,90.819,31.704,100.814,59.705,20.868,1858.608,0.197816
DSU-SYN-01,19,118.142,83.977,32.902,118.846,60.605,23.044,1898.86,0.231475
DSU-SYN-01,20,116.401,90.077,32.644,99.408,62.597,17.49,1950.285,0.268941
DSU-SYN-01,21,119.663,92.933,32.556,107.712,58.985,22.13,1787.821,0.310026
DSU-SYN-01,22,113.357,81.944,29.751,114.147,67.095,18.179,1824.139,0.354344
DSU-SYN-01,23,101.058,90.026,39.77,109.606,59.305,21.337,1834.138,0.401312
DSU-SYN-01,24,115.273,94.121,33.743,112.816,65.708,22.051,1909.875,0.450166
DSU-SYN-01,25,122.146,102.665,31.777,103.842,72.651,20.111,2071.279,0.5
DSU-SYN-01,26,116.341,102.692,34.775,111.814,75.022,19.894,1922.083,0.549834
DSU-SYN-01,27,117.19,98.558,30.771,115.164,63.378,23.873,1835.019,0.598688
DSU-SYN-01,28,116.346,88.71,32.85,113.858,66.474,20.567,2005.565,0.645656
DSU-SYN-01,29,122.093,92.897,36.9,117.323,70.746,22.778,2050.753,0.689974
DSU-SYN-01,30,131.991,98.244,34.567,109.73,63.064,18.448,1980.113,0.731059
DSU-SYN-01,31,122.137,101.025,35.646,110.482,75.408,23.565,2042.393,0.768525
DSU-SYN-01,32,119.831,102.702,36.153,107.127,70.272,22.513,2000.688,0.802184
DSU-SYN-01,33,124.582,93.222,39.17,123.96,69.762,22.892,1903.922,0.832018
DSU-SYN-01,34,118.322,99.498,33.277,121.334,83.783,19.152,2021.834,0.858149
DSU-SYN-01,35,125.688,109.43,33.012,119.04,83.18,18.059,1997.576,0.880797
DSU-SYN-01,36,122.743,99.122,38.195,119.423,61.992,23.559,2052.658,0.90025
DSU-SYN-01,37,131.532,98.885,34.653,121.585,77.551,23.46,1980.068,0.916827
DSU-SYN-01,38,128.102,97.104,36.902,110.104,75.932,20.382,2012.485,0.930862
DSU-SYN-01,39,129.194,103.697,34.836,127.614,70.846,22.529,2124.638,0.942676
DSU-SYN-01,40,122.705,105.022,35.086,116.655,81.864,19.888,1939.889,0.952574
DSU-SYN-01,41,134.006,115.562,35.447,107.685,71.99,21.809,2097.967,0.960834
DSU-SYN-01,42,120.508,105.837,37.805,110.491,78.186,27.685,2125.36,0.967705
DSU-SYN-01,43,124.491,102.331,38.06,109.199,75.091,21.601,2244.38,0.973403
DSU-SYN-01,44,125.392,111.466,33.786,123.21,76.115,20.425,2128.865,0.978119
DSU-SYN-01,45,132.395,101.577,32.334,119.667,68.862,21.758,2111.904,0.982014
DSU-SYN-01,46,117.862,95.176,37.785,116.707,58.953,24.589,2137.645,0.985226
DSU-SYN-01,47,122.869,96.718,38.682,121.997,88.69,23.689,2146.512,0.987872
DSU-SYN-01,48,125.643,107.425,38.166,127.459,71.31,21.559,2086.489,0.990048
DSU-SYN-01,49,130.464,110.865,35.465,117.44,76.358,22.04,2187.206,0.991837
DSU-SYN-01,50,115.277,99.266,34.663,106.099,68.721,20.373,2106.926,0.993307
DSU-SYN-02,1,106.917,96.72,21.198,97.149,96.57,22.925,1941.612,0.008163
DSU-SYN-02,2,104.177,96.87,25.402,97.449,94.52,22.784,2005.043,0.009952
DSU-SYN-02,3,100.37,91.937,19.886,101.693,88.248,22.825,1999.809,0.012128
DSU-SYN-02,4,107.111,86.661,20.066,92.099,99.174,26.099,2061.048,0.014774
DSU-SYN-02,5,95.828,92.524,24.942,98.057,93.763,24.937,2027.769,0.017986
DSU-SYN-02,6,102.39,102.081,25.86,88.074,77.065,27.926,2092.609,0.021881
DSU-SYN-02,7,96.581,88.978,24.113,103.482,101.429,26.733,1984.862,0.026597
DSU-SYN-02,8,97.321,98.437,23.145,91.932,103.05,29.929,2092.115,0.032295
DSU-SYN-02,9,97.306,102.778,25.526,100.828,98.393,27.083,2066.454,0.039166
DSU-SYN-02,10,105.243,100.356,19.508,98.857,87.723,22.33,2134.858,0.047426
DSU-SYN-02,11,110.882,105.626,24.654,106.676,91.33,26.078,1943.558,0.057324
DSU-SYN-02,12,104.435,99.345,20.817,98.525,91.016,30.114,2086.24,0.069138
DSU-SYN-02,13,102.759,100.539,24.253,97.924,85.28,25.302,1975.628,0.083173
DSU-SYN-02,14,96.749,102.15,25.202,88.786,91.37,28.238,2106.974,0.09975
DSU-SYN-02,15,108.48,100.139,22.206,93.432,94.563,26.779,2128.777,0.119203
DSU-SYN-02,16,109.258,99.691,21.319,98.518,94.252,25.421,2005.006,0.141851
DSU-SYN-02,17,105.493,98.302,22.988,102.876,91.059,26.646,2072.422,0.167982
DSU-SYN-02,18,99.069,98.953,28.299,94.691,81.368,21.506,2064.286,0.197816
DSU-SYN-02,19,105.526,101.377,27.904,86.367,97.116,30.206,1993.401,0.231475
DSU-SYN-02,20,104.147,98.875,22.817,101.271,104.055,31.053,2060.07,0.268941
DSU-SYN-02,21,116.311,103.557,29.638,103.572,97.098,27.546,2318.431,0.310026
DSU-SYN-02,22,111.84,100.64,27.894,102.936,94.26,29.09,2111.383,0.354344
DSU-SYN-02,23,109.822,105.092,26.543,108.69,86.516,28.682,2054.556,0.401312
DSU-SYN-02,24,102.097,105.609,26.151,103.054,104.101,23.865,2109.467,0.450166
DSU-SYN-02,25,107.281,106.565,26.882,102.264,104.457,27.588,2020.467,0.5
DSU-SYN-02,26,101.309,107.634,25.877,108.787,100.94,28.203,2234.189,0.549834
DSU-SYN-02,27,106.426,102.715,23.935,112.216,109.555,26.766,2007.391,0.598688
DSU-SYN-02,28,104.307,105.255,25.504,109.066,103.256,27.263,2270.054,0.645656
DSU-SYN-02,29,110.245,105.906,28.313,103.277,106.249,28.484,2199.575,0.689974
DSU-SYN-02,30,122.306,107.846,32.468,112.042,97.07,28.575,2146.884,0.731059
DSU-SYN-02,31,111.28,113.617,28.89,110.486,111.406,31.452,2334.002,0.768525
DSU-SYN-02,32,118.291,119.055,22.963,113.052,100.953,28.997,2203.557,0.802184
DSU-SYN-02,33,115.351,122.186,27.387,118.099,105.358,29.014,2252.93,0.832018
DSU-SYN-02,34,118.893,119.072,32.058,118.049,110.812,26.057,2254.197,0.858149
DSU-SYN-02,35,121.761,117.983,28.58,122.007,110.672,32.03,2287.398,0.880797
DSU-SYN-02,36,115.631,115.682,20.82,119.414,86.226,24.803,2304.602,0.90025
DSU-SYN-02,37,120.096,108.489,26.447,125.705,105.544,34.788,2277.817,0.916827
DSU-SYN-02,38,120.001,122.638,28.624,111.776,108.07,29.151,2186.63,0.930862
DSU-SYN-02,39,116.894,111.056,30.665,118.258,107.268,29.024,2301.325,0.942676
DSU-SYN-02,40,121.435,109.946,25.798,124.896,106.689,25.789,2319.743,0.952574
DSU-SYN-02,41,120.817,107.44,29.017,122.863,111.574,30.946,2192.855,0.960834
DSU-SYN-02,42,120.279,113.704,27.27,123.824,118.341,33.88,2385.251,0.967705
DSU-SYN-02,43,118.178,117.083,30.422,119.454,110.364,31.478,2290.775,0.973403
DSU-SYN-02,44,115.165,113.332,30.112,118.848,111.715,31.113,2270.1,0.978119
DSU-SYN-02,45,122.663,117.369,25.46,127.57,106.747,25.317,2224.354,0.982014
DSU-SYN-02,46,113.834,115.793,27.878,116.966,113.534,30.318,2320.595,0.985226
DSU-SYN-02,47,121.036,118.661,23.305,116.858,96.787,29.569,2298.941,0.987872
DSU-SYN-02,48,124.254,121.557,29.093,116.09,112.823,28.169,2299.82,0.990048
DSU-SYN-02,49,123.989,112.863,30.609,123.196,104.219,31.931,2349.354,0.991837
DSU-SYN-02,50,119.594,111.866,26.454,115.938,113.233,27.113,2331.521,0.993307
DSU-SYN-03,1,104.548,86.815,30.158,86.426,83.319,28.465,1779.663,0.008163
DSU-SYN-03,2,112.845,88.459,31.004,70.872,100.343,23.651,1848.967,0.009952
DSU-SYN-03,3,107.607,87.606,27.223,74.573,100.333,24.608,1756.581,0.012128
DSU-SYN-03,4,105.303,86.808,25.934,66.423,93.076,28.11,1967.802,0.014774
DSU-SYN-03,5,108.001,95.189,30.541,71.064,94.375,24.981,1779.848,0.017986
DSU-SYN-03,6,108.962,81.092,26.092,75.977,90.197,23.352,1773.885,0.021881
DSU-SYN-03,7,115.064,89.069,28.334,79.519,101.427,26.098,1842.86,0.026597
DSU-SYN-03,8,117.401,93.92,31.537,75.876,95.184,22.143,1825.464,0.032295
DSU-SYN-03,9,104.536,84.42,33.295,77.479,101.128,24.236,1697.817,0.039166
DSU-SYN-03,10,110.262,89.052,30.274,79.421,90.201,25.83,1711.749,0.047426
DSU-SYN-03,11,113.894,88.736,28.25,71.422,91.461,24.316,1907.916,0.057324
DSU-SYN-03,12,111.362,87.714,24.939,67.731,91.224,23.326,1884.186,0.069138
DSU-SYN-03,13,111.283,95.628,30.406,73.629,92.551,25.109,1911.992,0.083173
DSU-SYN-03,14,100.808,79.476,28.975,73.857,97.555,26.352,1769.753,0.09975
DSU-SYN-03,15,117.851,94.985,30.888,79.974,95.44,23.847,1851.333,0.119203
DSU-SYN-03,16,113.716,90.249,34.221,59.991,85.751,22.378,1783.852,0.141851
DSU-SYN-03,17,112.361,83.176,28.204,70.106,109.524,29.96,1788.297,0.167982
DSU-SYN-03,18,112.353,85.503,26.043,75.226,89.389,25.369,1714.055,0.197816
DSU-SYN-03,19,110.967,92.598,31.894,79.173,88.126,27.859,1780.153,0.231475
DSU-SYN-03,20,118.615,92.476,27.721,75.595,98.991,27.412,1837.538,0.268941
DSU-SYN-03,21,123.849,98.307,30.721,82.897,109.223,30.954,1773.772,0.310026
DSU-SYN-03,22,112.356,101.491,28.934,71.436,95.59,27.289,1865.86,0.354344
DSU-SYN-03,23,114.581,91.541,30.029,75.127,113.136,27.18,1949.192,0.401312
DSU-SYN-03,24,116.268,94.862,30.266,65.569,92.155,22.115,1744.29,0.450166
DSU-SYN-03,25,113.633,103.313,32.183,90.319,103.886,28.807,1853.662,0.5
DSU-SYN-03,26,123.127,101.229,31.096,87.029,105.814,25.686,1853.081,0.549834
DSU-SYN-03,27,115.466,98.897,33.595,79.992,103.553,28.691,1989.604,0.598688
DSU-SYN-03,28,129.991,105.695,30.504,95.882,101.147,30.074,1965.181,0.645656
DSU-SYN-03,29,120.969,91.07,32.796,77.399,111.023,31.44,1917.933,0.689974
DSU-SYN-03,30,125.279,97.221,31.855,92.306,105.81,32.17,1952.286,0.731059
DSU-SYN-03,31,129.44,102.009,35.599,85.8,106.493,27.689,1938.758,0.768525
DSU-SYN-03,32,128.36,105.379,35.258,98.445,116.16,27.182,2033.494,0.802184
DSU-SYN-03,33,122.468,102.782,32.421,99.6,110.242,27.7,2099.884,0.832018
DSU-SYN-03,34,115.204,93.065,36.038,90.818,110.086,25.039,2022.543,0.858149
DSU-SYN-03,35,136.482,107.664,34.584,88.319,106.668,23.127,2048.999,0.880797
DSU-SYN-03,36,131.042,96.015,32.601,84.436,103.633,28.665,1890.891,0.90025
DSU-SYN-03,37,130.184,107.961,33.708,76.862,103.778,31.683,1847.313,0.916827
DSU-SYN-03,38,125.628,98.544,36.416,88.004,112.461,30.074,2174.519,0.930862
DSU-SYN-03,39,126.564,106.537,30.75,99.457,105.71,27.308,2047.97,0.942676
DSU-SYN-03,40,119.942,105.979,36.93,94.29,100.938,28.442,2104.439,0.952574
DSU-SYN-03,41,118.515,99.61,36.743,94.335,113.108,33.435,2087.774,0.960834
DSU-SYN-03,42,131.318,118.661,34.051,88.078,113.341,29.912,2020.166,0.967705
DSU-SYN-03,43,122.969,116.759,35.431,88.597,116.383,28.566,2041.044,0.973403
DSU-SYN-03,44,131.028,98.835,35.518,104.572,113.779,27.918,2024.663,0.978119
DSU-SYN-03,45,126.235,104.095,33.711,98.678,100.661,31.03,2034.751,0.982014
DSU-SYN-03,46,130.229,99.788,37.993,100.724,116.882,25.101,2120.331,0.985226
DSU-SYN-03,47,130.416,97.444,34.624,95.496,114.514,29.343,2083.472,0.987872
DSU-SYN-03,48,135.799,111.64,27.527,91.452,110.233,24.528,2070.332,0.990048
DSU-SYN-03,49,134.707,100.109,35.545,87.901,107.225,32.61,2026.297,0.991837
DSU-SYN-03,50,130.801,96.212,39.367,97.044,110.191,30.361,1966.03,0.993307
DSU-SYN-04,1,102.888,111.197,26.757,76.233,72.102,29.433,1886.142,0.008163
DSU-SYN-04,2,100.267,112.806,28.559,76.709,89,23.784,1957.031,0.009952
DSU-SYN-04,3,103.887,108.628,32.86,85.243,81.492,27.783,1854.213,0.012128
DSU-SYN-04,4,96.048,114.889,30.803,80.416,70.249,29.785,1934.693,0.014774
DSU-SYN-04,5,100.426,116.722,26.638,73.825,70.573,23.648,1887.762,0.017986
DSU-SYN-04,6,96.805,110.864,19.946,72.001,82.585,26.092,1897.586,0.021881
DSU-SYN-04,7,90.354,120.343,26.998,81.329,89.909,31.564,1852.299,0.026597
DSU-SYN-04,8,94.444,111.624,28.66,79.083,73.697,31.465,1867.474,0.032295
DSU-SYN-04,9,109.032,113.829,31.883,82.009,81.983,26.015,1817.767,0.039166
DSU-SYN-04,10,99.981,118.467,27.56,72.328,68.209,24.293,1756.274,0.047426
DSU-SYN-04,11,98.408,119.328,27.475,66.702,75.424,27.495,2029.697,0.057324
DSU-SYN-04,12,90.788,111.962,31.831,83.224,80.185,28.238,1909.618,0.069138
DSU-SYN-04,13,102.214,110.12,29.83,72.595,79.056,28.458,1847.591,0.083173
DSU-SYN-04,14,98.511,111.353,25.037,79.076,70.793,28.887,1815.199,0.09975
DSU-SYN-04,15,102.534,108.909,26.396,77.878,85.757,28.988,1886.719,0.119203
DSU-SYN-04,16,101.876,104.688,27.815,94.109,79.053,28.427,1946.704,0.141851
DSU-SYN-04,17,104.331,105.707,23.845,83.961,74.493,31.647,1894.112,0.167982
DSU-SYN-04,18,90.717,109.891,21.322,81.951,78.248,27.431,2000.646,0.197816
DSU-SYN-04,19,106.988,115.985,23.025,87.8,83.384,29.407,2003.926,0.231475
DSU-SYN-04,20,95.846,127.555,26.147,89.415,70.677,26.465,2052.608,0.268941
DSU-SYN-04,21,101.105,122.451,29.339,85.194,89.806,28.372,1834.136,0.310026
DSU-SYN-04,22,99.191,121.805,29.952,77.397,78.163,27.695,1946.5,0.354344
DSU-SYN-04,23,97.173,116.752,27.372,92.461,88.303,28.983,1958.731,0.401312
DSU-SYN-04,24,105.631,116.691,26.566,83.266,80.617,26.644,2012.174,0.450166
DSU-SYN-04,25,109.477,113.735,29.74,88.684,87.471,29.729,1914.028,0.5
DSU-SYN-04,26,100.414,122.715,32.493,77.815,88.493,32.945,2020.018,0.549834
DSU-SYN-04,27,110.356,119.932,29.863,82.449,73.33,32.533,1976.437,0.598688
DSU-SYN-04,28,106.173,117.36,26.866,92.165,83.958,31.318,2091.155,0.645656
DSU-SYN-04,29,110.853,126.283,34.553,87.777,88.892,33.391,2161.29,0.689974
DSU-SYN-04,30,102.879,124.268,34.205,98.135,91.215,30.188,2058.231,0.731059
DSU-SYN-04,31,112.103,125.242,30.887,96.383,86.724,32.22,2300.334,0.768525
DSU-SYN-04,32,102.383,128.73,29.258,100.116,91.745,32.935,2188.721,0.802184
DSU-SYN-04,33,112.767,133.307,25.443,106.851,94.313,33.851,2029.994,0.832018
DSU-SYN-04,34,108.122,128.847,31.39,99.581,99.092,26.853,2191.392,0.858149
DSU-SYN-04,35,112.725,127.506,27.865,101.399,78.554,32.982,2025.572,0.880797
DSU-SYN-04,36,113.301,128.279,34.562,97.737,89.262,30.176,2224.957,0.90025
DSU-SYN-04,37,116.013,127.245,31.129,89.771,96.09,27.113,2193.454,0.916827
DSU-SYN-04,38,114.227,141.361,29.038,98.866,104.829,34.55,2096.304,0.930862
DSU-SYN-04,39,114.917,129.649,32.551,95.55,93.74,27.626,2158.041,0.942676
DSU-SYN-04,40,116.225,128.68,27.857,105.891,96.661,29.847,2131.91,0.952574
DSU-SYN-04,41,106.621,124.838,30.591,107.512,90.802,33.298,2116.348,0.960834
DSU-SYN-04,42,115.487,129.382,34.152,97.084,85.341,28.271,2118.86,0.967705
DSU-SYN-04,43,108.105,132.243,30.833,114.666,84.464,32.259,2078.844,0.973403
DSU-SYN-04,44,111.968,130.984,26.207,101.943,106.402,30.636,2177.402,0.978119
DSU-SYN-04,45,119.63,129.527,30.587,86.953,98.908,31.503,2089.496,0.982014
DSU-SYN-04,46,115.196,127.486,30.734,104.316,87.096,34.418,2063.51,0.985226
DSU-SYN-04,47,111.297,140.067,34.886,101.322,89.537,30.487,2167.271,0.987872
DSU-SYN-04,48,114.837,130.037,32.002,99.498,86.571,30.528,2226.818,0.990048
DSU-SYN-04,49,107.84,129.576,30.038,101.492,92.927,35.521,2198.792,0.991837
DSU-SYN-04,50,108.149,133.906,30.158,97.394,97.171,30.604,2226.272,0.993307
DSU-SYN-05,1,106.227,100.222,37.107,76.096,80.099,22.537,2033.021,0.008163
DSU-SYN-05,2,121.47,98.195,38.933,72.472,68.874,19.398,1839.861,0.009952
DSU-SYN-05,3,104.912,102.667,35.726,84.63,68.077,28.006,1882.918,0.012128
DSU-SYN-05,4,110.579,96.959,43.046,86.352,75.418,17.626,1930.055,0.014774
DSU-SYN-05,5,104.669,110.805,40.819,80.279,59.082,18.548,1964.415,0.017986
DSU-SYN-05,6,116.411,109.11,34.835,81.601,79.872,16.877,1916.887,0.021881
DSU-SYN-05,7,111.801,102.145,34.208,77.941,71.909,20.673,1879.412,0.026597
DSU-SYN-05,8,108.319,103.553,39.973,78.194,71.529,21.298,1786.101,0.032295
DSU-SYN-05,9,113.043,103.872,38.999,85.936,62.407,16.161,1941.792,0.039166
DSU-SYN-05,10,110.771,104.874,37.785,84.34,79.885,22.34,1906.846,0.047426
DSU-SYN-05,11,100.446,108.048,42.043,84.439,69.209,22.856,1988.311,0.057324
DSU-SYN-05,12,118.991,100.034,38.481,85.315,75.068,18.428,1960.641,0.069138
DSU-SYN-05,13,114.343,105.107,39.665,79.588,83.874,19.029,1894.716,0.083173
DSU-SYN-05,14,111.803,109.36,35.454,73.643,63.109,21.432,1862.52,0.09975
DSU-SYN-05,15,110.176,108.622,37.688,83.32,73.929,23.112,1979.896,0.119203
DSU-SYN-05,16,109.046,104.88,42.013,84.791,67.796,23.166,1877.509,0.141851
DSU-SYN-05,17,120.039,111.314,40.256,83.949,75.446,23.333,1935.316,0.167982
DSU-SYN-05,18,114.691,111.09,38.273,79.965,70.131,19.101,1842.233,0.197816
DSU-SYN-05,19,117.768,116.381,43.406,74.646,82.319,25.459,1948.342,0.231475
DSU-SYN-05,20,115.301,97.971,40.693,78.846,79.917,18.158,2029.559,0.268941
DSU-SYN-05,21,120.656,104.834,37.385,73.195,77.943,20.779,1895.313,0.310026
DSU-SYN-05,22,118.596,107.298,37.755,83.778,86.856,23.927,2008.078,0.354344
DSU-SYN-05,23,120.272,104.589,40.756,89.023,78.548,23.705,1976.64,0.401312
DSU-SYN-05,24,120.605,114.032,33.621,96.356,64.058,21.282,2117.7,0.450166
DSU-SYN-05,25,117.366,104.839,38.424,96.472,71.812,25.854,2057.019,0.5
DSU-SYN-05,26,113.888,110.151,38.859,96.604,88.732,18.943,2047.575,0.549834
DSU-SYN-05,27,116.413,120.414,38.267,102.107,85.115,20.541,2043.073,0.598688
DSU-SYN-05,28,117.567,108.419,42.109,86.147,73.172,22.694,1978.373,0.645656
DSU-SYN-05,29,118.612,111.044,39.911,106.495,87.479,24.442,1993.521,0.689974
DSU-SYN-05,30,119.842,117.405,39.729,100.842,80.746,23.286,2089.17,0.731059
DSU-SYN-05,31,124.608,113.801,41.797,94.801,84.305,25.372,2158.121,0.768525
DSU-SYN-05,32,123.949,115.457,44.63,95.543,87.544,24.562,2270.293,0.802184
DSU-SYN-05,33,118.227,121.995,38.052,98.918,99.432,25.647,2172.426,0.832018
DSU-SYN-05,34,122.597,118.772,42.283,93.474,88.765,25.031,2114.616,0.858149
DSU-SYN-05,35,121.776,112.223,44.001,101.96,92.347,27.043,2181.266,0.880797
DSU-SYN-05,36,128.117,120.894,42.891,95.931,104.631,23.582,2134.34,0.90025
DSU-SYN-05,37,128.626,120.932,39.689,106.216,91.112,22.004,2269.139,0.916827
DSU-SYN-05,38,129.837,113.603,47.712,103.742,91.897,28.816,2201.286,0.930862
DSU-SYN-05,39,126.781,116.837,44.782,102.909,92.282,22.915,2202.774,0.942676
DSU-SYN-05,40,126.75,113.649,39.696,103.658,76.781,25.445,2163.183,0.952574
DSU-SYN-05,41,133.789,117.998,45.065,98.067,93.24,26.809,2166.748,0.960834
DSU-SYN-05,42,132.354,115.62,44.186,106.136,96.655,29.787,2147.747,0.967705
DSU-SYN-05,43,120.578,115.719,45.129,103.713,93.422,22.212,2256.578,0.973403
DSU-SYN-05,44,121.435,126.571,50.645,103.028,96.402,23.807,2077.597,0.978119
DSU-SYN-05,45,124.615,115.382,39.903,111.249,94.618,26.005,2183.849,0.982014
DSU-SYN-05,46,126.823,125.727,43.455,104.169,91.869,24.214,2107.96,0.985226
DSU-SYN-05,47,117.846,119.644,43.69,93.327,92.891,25.215,2056.317,0.987872
DSU-SYN-05,48,123.198,123.027,44.527,94.169,94.092,27.645,2262.286,0.990048
DSU-SYN-05,49,127.329,118.683,41.995,103.938,94.348,26.67,2217.659,0.991837
DSU-SYN-05,50,131.926,121.522,45.537,106.388,88.38,20.583,2316.913,0.993307
DSU-SYN-06,1,119.978,88.207,22.055,78.268,86.943,27.47,1998.278,0.008163
DSU-SYN-06,2,113.49,92.821,24.376,76.019,91.635,31.036,1914.654,0.009952
DSU-SYN-06,3,121.213,95.555,24.015,74.369,89.991,30.699,1940.266,0.012128
DSU-SYN-06,4,119.035,92.853,24.041,73.614,89.912,34.295,1865.536,0.014774
DSU-SYN-06,5,120.983,102.299,24.132,87.88,86.549,29.602,1847.247,0.017986
DSU-SYN-06,6,117.184,98.271,26.022,75.853,96.45,28.571,1881.08,0.021881
DSU-SYN-06,7,132.546,99.083,22.131,69.877,83.334,31.169,1880.24,0.026597
DSU-SYN-06,8,119.766,96.896,25.786,69.087,82.65,29.413,1949.524,0.032295
DSU-SYN-06,9,120.915,93.29,25.685,69.856,86.112,26.521,2000.599,0.039166
DSU-SYN-06,10,122.568,100.511,27.15,91.377,79.151,27.07,1868.863,0.047426
DSU-SYN-06,11,115.325,92.277,23.331,67.419,91.614,29.086,1948.637,0.057324
DSU-SYN-06,12,122.331,100.892,23.204,87.705,91.247,24.35,1848.343,0.069138
DSU-SYN-06,13,111.342,98.216,23.902,72.477,102.187,30.438,1973.546,0.083173
DSU-SYN-06,14,115.688,93.432,24.38,76.69,79.315,28.684,1928.678,0.09975
DSU-SYN-06,15,119.618,94.711,23.034,75.019,91.387,30.729,2009.189,0.119203
DSU-SYN-06,16,119.629,96.905,25.588,80.243,88.69,31.288,2008.894,0.141851
DSU-SYN-06,17,128.03,108.548,22.456,77.236,91.885,29.177,1902.714,0.167982
DSU-SYN-06,18,114.681,100.657,22.848,78.325,87.65,26.798,1973.513,0.197816
DSU-SYN-06,19,123.469,103.696,30.398,80.213,95.998,26.995,1877.127,0.231475
DSU-SYN-06,20,131.303,96.856,22.507,79.139,93.295,27.59,1957.102,0.268941
DSU-SYN-06,21,130.275,98.183,21.834,85.933,97.612,28.467,1880.024,0.310026
DSU-SYN-06,22,121.203,102.737,28.45,75.033,95.037,31.892,1837.382,0.354344
DSU-SYN-06,23,130.94,97.944,26.596,83.766,102.991,31.779,1851.751,0.401312
DSU-SYN-06,24,122.727,105.427,25.518,86.227,102.197,32.128,2017.818,0.450166
DSU-SYN-06,25,118.316,103.355,27.29,77.915,102.245,33.087,2056.648,0.5
DSU-SYN-06,26,113.126,100.139,31.209,82.274,87.55,34.114,2063.653,0.549834
DSU-SYN-06,27,134.849,108.794,27.879,88.806,104.616,36.924,2145.345,0.598688
DSU-SYN-06,28,122.268,110.488,29.817,94.878,98.811,34.34,2156.407,0.645656
DSU-SYN-06,29,143.83,105.302,25.912,86.8,99.316,29.389,1911.373,0.689974
DSU-SYN-06,30,129.533,111.638,26.148,101.153,103.159,35.014,2135.385,0.731059
DSU-SYN-06,31,136.513,111.862,30.987,90.7,106.805,32.86,2108.145,0.768525
DSU-SYN-06,32,135.012,122.244,27.054,93.622,112.048,34.936,2139.243,0.802184
DSU-SYN-06,33,121.607,114.192,22.327,100.581,106.115,34.71,2084.226,0.832018
DSU-SYN-06,34,126.232,113.383,27.92,89.387,106.129,39.239,2213.629,0.858149
DSU-SYN-06,35,139.65,116.707,31.814,91.694,93.745,31.944,2218.828,0.880797
DSU-SYN-06,36,129.903,111.955,26.481,102.275,110.959,34.126,2211.355,0.90025
DSU-SYN-06,37,134.864,114.123,25.329,80.509,107.695,33.377,2257.464,0.916827
DSU-SYN-06,38,143.16,121.238,25.865,91.823,109.957,38.956,2280.633,0.930862
DSU-SYN-06,39,141.113,111.662,26.21,98.93,100.707,32.079,2172.536,0.942676
DSU-SYN-06,40,143.659,112.005,22.369,97.441,103.315,32.824,2177.471,0.952574
DSU-SYN-06,41,134.474,117.879,24.675,91.494,111.779,31.217,2073.402,0.960834
DSU-SYN-06,42,139.309,119.667,28.428,82.982,112.048,28.631,2209.695,0.967705
DSU-SYN-06,43,131.632,108.355,27.464,93.772,104.061,34.276,2158.564,0.973403
DSU-SYN-06,44,141.055,115.645,26.848,89.78,98.135,33.551,2166.382,0.978119
DSU-SYN-06,45,124.363,111.63,26.359,104.516,97.881,29.237,2270.07,0.982014
DSU-SYN-06,46,143.066,110.642,27.047,98.83,94.2,28.201,2173.684,0.985226
DSU-SYN-06,47,144.079,112.236,28.892,101.993,120.856,31.423,2192.951,0.987872
DSU-SYN-06,48,145.479,106.843,31.219,89.128,108.874,32.268,2127.721,0.990048
DSU-SYN-06,49,131.485,115.868,31.148,94.499,108.715,34.31,2127.306,0.991837
DSU-SYN-06,50,140.126,118.609,35.175,93.053,105.575,34.811,2253.097,0.993307
DSU-SYN-07,1,94.485,98.917,29.976,83.276,89.029,26.376,1994.369,0.008163
DSU-SYN-07,2,94.17,91.753,23.841,80.724,83.649,25.773,1841.968,0.009952
DSU-SYN-07,3,93.718,97.134,27.542,96.263,95.543,26.209,1893.571,0.012128
DSU-SYN-07,4,95.114,102.691,30.116,82.941,91.843,21.101,1941.457,0.014774
DSU-SYN-07,5,101.148,99.709,33.213,83.17,92.993,26.104,1920.579,0.017986
DSU-SYN-07,6,96.836,101.715,30.811,96.809,91.753,28.248,1879.645,0.021881
DSU-SYN-07,7,101.322,97.455,31.44,101.911,91.128,20.748,1891.818,0.026597
DSU-SYN-07,8,103.755,104.133,29.364,94.824,94.881,29.298,1996.253,0.032295
DSU-SYN-07,9,105.327,103.285,31.038,87.081,88.503,30.549,1949.088,0.039166
DSU-SYN-07,10,101.892,102.258,27.35,89.171,100.893,27.705,1816.629,0.047426
DSU-SYN-07,11,96.969,110.729,28.33,78.52,103.833,28.065,1934.501,0.057324
DSU-SYN-07,12,96.401,107.442,27.567,96.472,95.965,27.02,1953.132,0.069138
DSU-SYN-07,13,97.636,107.511,26.828,80.16,96.679,28.045,1980.773,0.083173
DSU-SYN-07,14,100.848,100.979,31.041,89.983,90.401,25.757,2093.574,0.09975
DSU-SYN-07,15,90.485,105.431,24.97,90.035,91.111,21.406,1985.198,0.119203
DSU-SYN-07,16,97.667,92.843,31.377,99.792,103.106,27.611,1967.984,0.141851
DSU-SYN-07,17,106.678,112.222,32.24,86.108,95.896,27.922,1845.926,0.167982
DSU-SYN-07,18,102.921,115.712,31.153,101.254,96.382,26.766,2008.238,0.197816
DSU-SYN-07,19,97.101,100.134,32.883,101.388,90.011,29.51,1985.56,0.231475
DSU-SYN-07,20,103.554,107.928,32.387,94.475,105.168,28.021,2046.58,0.268941
DSU-SYN-07,21,98.428,117.16,31.277,99.16,87.88,25.363,2101.864,0.310026
DSU-SYN-07,22,104.827,97.595,32.915,92.595,106.883,27.387,2042.837,0.354344
DSU-SYN-07,23,110.132,103.522,28.068,95.712,104.318,24.476,1925.836,0.401312
DSU-SYN-07,24,109.235,105.874,29.809,86.824,96.258,27.99,2122.381,0.450166
DSU-SYN-07,25,102.158,118.073,29.322,94.963,110.553,28.747,2033.563,0.5
DSU-SYN-07,26,106.135,117.448,34.943,95.257,102.071,28.653,2018.118,0.549834
DSU-SYN-07,27,107.512,111.589,34.368,108.477,101.327,28.098,2148.311,0.598688
DSU-SYN-07,28,105.71,115.351,31.527,96.45,98.501,32.447,2104.952,0.645656
DSU-SYN-07,29,117.635,110.637,32.692,117.597,98.784,24.271,2219.258,0.689974
DSU-SYN-07,30,106.039,113.841,30.701,105.754,100.247,28.739,2173.009,0.731059
DSU-SYN-07,31,105.806,111.119,31.481,96.396,104.164,29.643,2124.793,0.768525
DSU-SYN-07,32,110.096,115.126,30.875,109.856,115.988,28.326,2196.823,0.802184
DSU-SYN-07,33,110.792,117.59,36.575,109.418,97.328,30.747,2258.11,0.832018
DSU-SYN-07,34,111.353,121.211,31.063,98.028,109.339,25.331,2162.865,0.858149
DSU-SYN-07,35,119.302,107.091,29.701,101.247,108.565,28.903,2284.383,0.880797
DSU-SYN-07,36,117.99,119.467,33.359,110.227,104.162,32.042,2114.436,0.90025
DSU-SYN-07,37,117.694,123.22,33.603,107.175,112.067,22.815,2218.411,0.916827
DSU-SYN-07,38,113.203,117.288,34.911,108.092,103.105,29.674,2206.192,0.930862
DSU-SYN-07,39,114.557,118.564,35.801,102.284,111.236,33.302,2083.584,0.942676
DSU-SYN-07,40,115.058,115.005,32.324,103.589,109.363,34.722,2119.467,0.952574
DSU-SYN-07,41,108.461,111.571,37.61,106.426,110.391,29.147,2144.345,0.960834
DSU-SYN-07,42,113.257,130.496,36.805,104.234,114.568,28.104,2088.17,0.967705
DSU-SYN-07,43,119.633,124.108,35.968,106.657,109.796,32.081,2241.63,0.973403
DSU-SYN-07,44,112.652,110.297,33.661,116.054,103.705,31.823,2238.848,0.978119
DSU-SYN-07,45,118.441,122.822,31.659,99.964,107.768,32.465,2178.868,0.982014
DSU-SYN-07,46,111.278,109.413,37.793,114.691,115.652,32.675,2258.142,0.985226
DSU-SYN-07,47,113.574,117.749,32.355,125.603,114.421,29.108,2251.151,0.987872
DSU-SYN-07,48,109.78,126.129,31.782,112.849,117.525,31.238,2225.832,0.990048
DSU-SYN-07,49,114.921,118.357,32.002,107.185,120.043,30.012,2164.75,0.991837
DSU-SYN-07,50,112.312,124.167,35.14,113.276,109.65,31.723,2175.147,0.993307
DSU-SYN-08,1,104.66,106.465,33.382,58.888,70.874,22.954,1808.28,0.008163
DSU-SYN-08,2,96.412,103.04,27.765,61.013,73.857,21.639,1650.622,0.009952
DSU-SYN-08,3,106.065,99.011,27.56,69.546,80.604,24.807,1580.789,0.012128
DSU-SYN-08,4,107.571,105.115,28.651,64.98,75.442,27.316,1824.149,0.014774
DSU-SYN-08,5,97.813,114.263,28.957,70.88,82.027,20.234,1724.927,0.017986
DSU-SYN-08,6,105.667,104.635,31.84,72.259,76.734,22.32,1768.291,0.021881
DSU-SYN-08,7,109.192,105.607,29.625,58.913,72.97,21.208,1748.015,0.026597
DSU-SYN-08,8,111.272,101.275,34.892,73.521,77.951,20.729,1804.967,0.032295
DSU-SYN-08,9,106.211,102.805,30.499,60.123,67.816,24.395,1641.914,0.039166
DSU-SYN-08,10,121.962,96.893,28.245,68.704,85.969,23.009,1739.287,0.047426
DSU-SYN-08,11,97.625,99.114,28.753,54.491,77.693,17.282,1609.646,0.057324
DSU-SYN-08,12,104.369,98.557,32.486,67.954,82.59,24.819,1785.6,0.069138
DSU-SYN-08,13,107.298,104.484,32.843,67.28,75.125,22.166,1652.725,0.083173
DSU-SYN-08,14,109.715,102.795,29.987,62.821,70.577,25.514,1720.43,0.09975
DSU-SYN-08,15,103.643,107.658,30.339,58.783,84.356,21.806,1692.14,0.119203
DSU-SYN-08,16,108.57,109.736,31.902,60.526,81.945,22.031,1859.712,0.141851
DSU-SYN-08,17,108.829,93.318,32.873,79.963,88.659,27.931,1664.013,0.167982
DSU-SYN-08,18,113.932,101.42,32.686,61.314,75.934,21.788,1807.246,0.197816
DSU-SYN-08,19,113.981,107.02,28.915,67.822,75.997,25.795,1836.917,0.231475
DSU-SYN-08,20,115.934,102.534,25.625,59.915,89.753,22.775,1713.134,0.268941
DSU-SYN-08,21,119.605,113.376,32.737,69.66,81.252,24.518,1890.013,0.310026
DSU-SYN-08,22,114.301,111.478,35.816,65.377,87.46,23.4,1615.178,0.354344
DSU-SYN-08,23,102.394,103.602,34.451,74.111,84.977,29.211,1716.559,0.401312
DSU-SYN-08,24,113.777,111.095,31.522,74.673,75.248,28.064,1772.339,0.450166
DSU-SYN-08,25,124.968,110.307,36.177,75.28,85.66,23.288,1843.341,0.5
DSU-SYN-08,26,117.298,107.445,33.538,73.036,100.639,24.733,1958.118,0.549834
DSU-SYN-08,27,115.609,113.542,30.787,75.089,89.081,29.128,1880.147,0.598688
DSU-SYN-08,28,124.351,116.295,38.389,78.45,103.099,24.146,1825.047,0.645656
DSU-SYN-08,29,112.18,125.544,36.586,77.775,97.138,27.265,2029.623,0.689974
DSU-SYN-08,30,111.231,113.302,33.582,68.841,96.827,25.043,1956.094,0.731059
DSU-SYN-08,31,131.443,113.537,33.869,82.219,97.138,24.459,1871.392,0.768525
DSU-SYN-08,32,125.536,117.802,29.975,74.896,100.895,27.022,1872.303,0.802184
DSU-SYN-08,33,119.935,116.512,37.073,74.755,87.439,26.825,1927.619,0.832018
DSU-SYN-08,34,124.117,110.769,36.254,90.029,95.928,26.6,1935.735,0.858149
DSU-SYN-08,35,117.491,116.964,38.622,83.263,88.121,25.117,1963.301,0.880797
DSU-SYN-08,36,120.148,120.1,36.875,89.739,102.391,28.919,1889.68,0.90025
DSU-SYN-08,37,117.796,117.593,34.521,77.94,91.531,25.313,1913.021,0.916827
DSU-SYN-08,38,120.988,124.117,36.216,99.91,95.485,25.833,1964.55,0.930862
DSU-SYN-08,39,124.062,120.614,40.967,80.267,99.852,27.127,1857.828,0.942676
DSU-SYN-08,40,126.811,124.954,33.681,85.503,84.544,23.502,2044.136,0.952574
DSU-SYN-08,41,120.774,113.22,36.438,82.604,92.236,28.532,1891.931,0.960834
DSU-SYN-08,42,118.703,119.659,38.322,93.318,91.208,29.056,1920.423,0.967705
DSU-SYN-08,43,132.463,113.322,39.247,82.076,107.392,28.215,1905.902,0.973403
DSU-SYN-08,44,120.806,122.981,38.581,85.694,95.675,28.652,1987.663,0.978119
DSU-SYN-08,45,117.02,115.081,36.556,93.497,105.18,28.721,1999.716,0.982014
DSU-SYN-08,46,127.289,115.87,35.601,81.33,88.056,27.62,1993.556,0.985226
DSU-SYN-08,47,127.031,121.982,36.604,89.673,95.346,27.829,1930.533,0.987872
DSU-SYN-08,48,125.48,122.632,34.333,86.692,91.904,25.49,1903.271,0.990048
DSU-SYN-08,49,129.993,124.651,37.36,98.253,94.546,34.393,1966.626,0.991837
DSU-SYN-08,50,124.966,117.36,36.954,91.466,95.027,31.262,1999.735,0.993307
DSU-SYN-09,1,103.198,111.541,24.757,97.931,54.637,21.419,2018.768,0.008163
DSU-SYN-09,2,100.56,108.834,21.974,98.465,61.602,24.754,1879.644,0.009952
DSU-SYN-09,3,98.692,117.86,21.54,95.105,52.859,20.406,1907.429,0.012128
DSU-SYN-09,4,105.407,121.089,23.842,103.542,47.85,25.545,1846.126,0.014774
DSU-SYN-09,5,105.158,118.163,21.291,89.963,54.21,24.813,1882.998,0.017986
DSU-SYN-09,6,95.252,111.428,21.97,96.893,50.388,19.862,1778.331,0.021881
DSU-SYN-09,7,102.608,110.515,23.512,105.492,50.844,22.921,1909.008,0.026597
DSU-SYN-09,8,100.188,113.652,26.738,97.429,65.396,24.534,1814.985,0.032295
DSU-SYN-09,9,104.802,118.247,26.415,96.127,59.153,23.336,1890.336,0.039166
DSU-SYN-09,10,97.426,121.878,25.069,91.698,66.321,29.11,1913.652,0.047426
DSU-SYN-09,11,109.865,117.398,19.798,88.752,60.8,22.086,1782.472,0.057324
DSU-SYN-09,12,102.629,120.262,20.378,97.384,68.565,20.928,1910.92,0.069138
DSU-SYN-09,13,100.772,120.165,26.822,104.833,65.241,20.796,1932.204,0.083173
DSU-SYN-09,14,99.23,119.033,24.805,103.661,62.139,21.635,1764.73,0.09975
DSU-SYN-09,15,108.206,119.014,27.128,100.91,52.076,26.242,1839.13,0.119203
DSU-SYN-09,16,105.962,115.255,28.477,96.417,58.935,24.19,1795.398,0.141851
DSU-SYN-09,17,106.375,127.023,23.268,104.622,44.986,23.934,1857.777,0.167982
DSU-SYN-09,18,101.166,124.907,23.825,101.843,59.816,19.364,1809.401,0.197816
DSU-SYN-09,19,110.67,109.556,22.889,101.25,73.214,26.219,1859.736,0.231475
DSU-SYN-09,20,113.062,117.078,27.511,96.319,69.941,23.44,1837.983,0.268941
DSU-SYN-09,21,106.193,122.906,23.953,108.7,60.825,26.179,1953.259,0.310026
DSU-SYN-09,22,107.772,120.111,25.786,109.653,77.58,27.162,2003.918,0.354344
DSU-SYN-09,23,124.364,125.743,26.849,111.609,60.095,23.901,1914.257,0.401312
DSU-SYN-09,24,113.039,123.171,26.222,114.984,72.305,24.812,1917.446,0.450166
DSU-SYN-09,25,116.375,128.809,22.105,107.677,69.116,27.373,2043.003,0.5
DSU-SYN-09,26,113.015,128.763,26.525,106.609,67.552,25.682,1991.818,0.549834
DSU-SYN-09,27,103.047,124.728,26.745,110.039,68.616,27.06,1933.375,0.598688
DSU-SYN-09,28,105.18,125.82,28.745,122.886,75.729,22.367,2006.727,0.645656
DSU-SYN-09,29,115.401,129.247,28.4,108.233,72.312,27.274,2094.085,0.689974
DSU-SYN-09,30,110.829,127.373,20.493,110.91,69.597,23.847,2060.206,0.731059
DSU-SYN-09,31,115.252,118.477,27.975,109.893,76.407,23.349,2061.953,0.768525
DSU-SYN-09,32,114.722,131.894,27.913,114.673,64.949,23.002,2029.079,0.802184
DSU-SYN-09,33,116.633,127.874,29.311,115.185,68.973,26.125,2094.711,0.832018
DSU-SYN-09,34,118.769,140.778,26.204,116.994,77.842,26.871,2051.697,0.858149
DSU-SYN-09,35,109.806,129.239,25.302,107.574,70.965,24.407,2134.4,0.880797
DSU-SYN-09,36,120.908,127.624,27.431,107.212,73.162,28.104,2157.116,0.90025
DSU-SYN-09,37,114.636,137.701,24.374,111.24,80.717,31.354,2138.884,0.916827
DSU-SYN-09,38,118.252,121.719,23.176,119.811,74.592,24.471,2113.141,0.930862
DSU-SYN-09,39,119.242,137.63,28.631,126.665,77.024,26.996,2186.6,0.942676
DSU-SYN-09,40,113.952,147.158,29.277,121.798,80.325,32.019,2170.543,0.952574
DSU-SYN-09,41,110.968,140.252,27.527,120.337,69.664,28.677,2071.95,0.960834
DSU-SYN-09,42,119.618,131.937,33.225,131.739,77.756,27.55,2093.466,0.967705
DSU-SYN-09,43,124.75,131.816,27.387,125.842,74.361,27.319,2010.625,0.973403
DSU-SYN-09,44,122.825,143.25,30.267,128.845,72.608,28.024,2056.71,0.978119
DSU-SYN-09,45,118.236,137.477,28.737,111.684,69.873,23.997,2158.301,0.982014
DSU-SYN-09,46,129.752,140.486,23.758,128.757,83.446,23.6,2103.639,0.985226
DSU-SYN-09,47,124.958,136.473,25.239,123.954,65.055,26.918,2205.314,0.987872
DSU-SYN-09,48,119.611,131.265,30.745,126.185,85.784,29.67,2202.006,0.990048
DSU-SYN-09,49,123.216,135.12,28.755,118.953,70.685,25.103,2107.106,0.991837
DSU-SYN-09,50,120.785,141.023,28.434,126.43,84.465,26.919,2168.916,0.993307
DSU-SYN-10,1,110.964,113.292,33.596,73.155,75.122,33.444,1755.328,0.008163
DSU-SYN-10,2,114.452,109.443,29.424,83.401,65.825,27.768,1843.851,0.009952
DSU-SYN-10,3,114.037,105.231,33.142,80.024,74.307,30.983,1718.288,0.012128
DSU-SYN-10,4,112.502,105.239,28.075,74.92,83.694,30.314,1677.346,0.014774
DSU-SYN-10,5,104.657,106.298,35.958,79.393,82.191,30.245,1803.949,0.017986
DSU-SYN-10,6,105.75,111.616,31.237,85.778,69.542,29.824,1796.77,0.021881
DSU-SYN-10,7,111.743,109.036,31.431,76.809,84.154,32.024,1720.284,0.026597
DSU-SYN-10,8,115.458,103.403,29.163,87.031,64.411,31.743,1757.563,0.032295
DSU-SYN-10,9,111.682,109.288,33.612,76.021,79.079,29.738,1689.391,0.039166
DSU-SYN-10,10,112.039,114.295,36.391,85.465,67.796,30.716,1839.353,0.047426
DSU-SYN-10,11,116.695,111.491,33.156,80.945,71.486,24.786,1806.537,0.057324
DSU-SYN-10,12,114.209,110.567,28.962,85.509,87.699,29.776,1781.99,0.069138
DSU-SYN-10,13,115.077,118.194,29.815,83.167,70.855,28.272,1787.046,0.083173
DSU-SYN-10,14,120.567,117.335,33.576,80.053,90.941,28.64,1755.511,0.09975
DSU-SYN-10,15,105.306,115.661,34.971,97.247,68.036,33.436,1806.236,0.119203
DSU-SYN-10,16,118.618,100.849,36.332,87.958,76.593,31.498,1754.536,0.141851
DSU-SYN-10,17,112.161,107.241,28.158,88.984,84.499,28.242,1840.334,0.167982
DSU-SYN-10,18,114.268,111.737,31.367,79.169,84.258,29.961,1966.458,0.197816
DSU-SYN-10,19,116.433,106.071,36.168,88.995,82.98,33.239,1789.312,0.231475
DSU-SYN-10,20,116.239,110.518,30.058,84.453,87.387,31.013,1752.023,0.268941
DSU-SYN-10,21,109.836,120.439,33.26,83.054,78.546,26.899,1958.19,0.310026
DSU-SYN-10,22,116.448,119.75,33.832,96.491,82.616,32.911,1922.205,0.354344
DSU-SYN-10,23,122.375,115.498,33.351,100.439,76.574,30.986,1887.001,0.401312
DSU-SYN-10,24,122.15,112.49,34.959,89.008,73.501,31.204,1823.575,0.450166
DSU-SYN-10,25,112.363,116.219,35.636,94.278,87.392,26.558,1820.294,0.5
DSU-SYN-10,26,131.799,111.196,36.188,88.093,85.464,30.016,1969.823,0.549834
DSU-SYN-10,27,123.495,115.07,32.275,94.896,78.687,32.873,2129.025,0.598688
DSU-SYN-10,28,130.407,121.748,34.916,82.69,78.969,35.209,1903.979,0.645656
DSU-SYN-10,29,120.958,118.126,32.692,87.937,87.486,29.959,1920.686,0.689974
DSU-SYN-10,30,121.288,122.306,34.969,95.13,92.192,32.005,1965.405,0.731059
DSU-SYN-10,31,128.22,123.709,35.365,97.509,84.669,30.366,2049.963,0.768525
DSU-SYN-10,32,128.699,123.251,36.6,98.043,94.212,34.997,2070.006,0.802184
DSU-SYN-10,33,126.507,128.446,36.615,102.217,92.322,33.402,1963.668,0.832018
DSU-SYN-10,34,130.988,136.208,35.235,99.423,88.475,31.674,2131.121,0.858149
DSU-SYN-10,35,124.524,120.019,32.314,94.95,81.355,34.569,2225.783,0.880797
DSU-SYN-10,36,126.406,114.405,38.628,95.562,99.79,32.366,1991.413,0.90025
DSU-SYN-10,37,127.648,126.826,35.891,97.308,91.133,29.961,2068.406,0.916827
DSU-SYN-10,38,119.857,121.07,38.426,102.415,96.149,33.037,2126.706,0.930862
DSU-SYN-10,39,133.626,125.734,38.905,105.359,90.206,29.889,2077.793,0.942676
DSU-SYN-10,40,131.911,129.133,34.294,95.636,95.8,33.113,1919.334,0.952574
DSU-SYN-10,41,131.205,114.568,34.312,109.366,104.155,30.286,2030.758,0.960834
DSU-SYN-10,42,129.666,132.86,35.476,98.546,102.636,32.417,2106.431,0.967705
DSU-SYN-10,43,122.17,123.2,32.587,95.2,98.493,33.253,2035.249,0.973403
DSU-SYN-10,44,125.897,123.038,37.512,107.534,77.801,31.319,2070.138,0.978119
DSU-SYN-10,45,129.217,126.228,37.447,99.893,90.469,32.801,2140.581,0.982014
DSU-SYN-10,46,126.109,123.955,37.253,111.155,91.892,35.825,2147.372,0.985226
DSU-SYN-10,47,129.498,123.263,35.985,100.316,98.872,34.016,2078.397,0.987872
DSU-SYN-10,48,124.229,119.518,42.177,100.832,89.142,37.026,2082.306,0.990048
DSU-SYN-10,49,132.779,123.698,36.03,100.921,85.53,33.236,2083.839,0.991837
DSU-SYN-10,50,139.167,124.844,30.998,101.407,110.293,35.628,2006.795,0.993307
DSU-SYN-11,1,92.794,80.837,20.058,90.05,82.564,23.806,1645.102,0.008163
DSU-SYN-11,2,89.923,82.539,24.439,84.891,86.335,25.535,1841.071,0.009952
DSU-SYN-11,3,81.331,79.156,24.506,102.212,83.984,29.911,1727.961,0.012128
DSU-SYN-11,4,84.826,82.216,20.445,84.613,84.558,25.707,1749.896,0.014774
DSU-SYN-11,5,83.506,86.206,22.269,100.796,84.154,31.617,1675.595,0.017986
DSU-SYN-11,6,90.366,79.889,22.476,90.869,77.934,25.506,1630.713,0.021881
DSU-SYN-11,7,78.472,79.598,25.102,82.954,74.175,33.041,1686.519,0.026597
DSU-SYN-11,8,91.878,88.193,25.217,83.537,81.111,24.542,1904.025,0.032295
DSU-SYN-11,9,82.422,79.866,20.993,83.842,90.75,34.673,1701.542,0.039166
DSU-SYN-11,10,83.943,74.07,23.025,91.105,78.892,29.205,1764.984,0.047426
DSU-SYN-11,11,92.339,83.852,20.93,97.216,83.073,30.914,1795.597,0.057324
DSU-SYN-11,12,83.827,78.474,21.853,87.144,87.766,29.621,1820.779,0.069138
DSU-SYN-11,13,93.171,86.941,26.81,96.608,83.924,32.503,1756.109,0.083173
DSU-SYN-11,14,89.966,82.007,25.649,101.577,83.543,32.141,1615.119,0.09975
DSU-SYN-11,15,91.56,86.346,22.169,108.886,83.838,27.934,1760.673,0.119203
DSU-SYN-11,16,82.231,83.155,26.556,91.307,79.715,32.322,1859.468,0.141851
DSU-SYN-11,17,95.3,85.149,23.627,90.831,79.243,26.547,1730.225,0.167982
DSU-SYN-11,18,88.079,80.143,24.921,97.72,96.013,27.612,1803.166,0.197816
DSU-SYN-11,19,95.422,87.298,26.398,101.704,88.446,28.786,1767.51,0.231475
DSU-SYN-11,20,87.694,85.212,23.166,91.133,89.87,32.574,1740.213,0.268941
DSU-SYN-11,21,96.689,84.81,24.16,94.639,91.663,28.058,1886.918,0.310026
DSU-SYN-11,22,94.841,87.531,22.006,101.275,94.31,30.624,1986.116,0.354344
DSU-SYN-11,23,104.064,90.087,24.574,103.607,84.85,33.054,1868.8,0.401312
DSU-SYN-11,24,99.077,95.938,29.916,102.89,90.177,34.115,1925.873,0.450166
DSU-SYN-11,25,97.087,93.426,26.341,105.131,83.712,26.696,1810.977,0.5
DSU-SYN-11,26,94.765,91.078,27.684,103.043,94.027,27.701,1855.73,0.549834
DSU-SYN-11,27,103.404,98.152,24.525,106.101,107.018,30.923,1854.178,0.598688
DSU-SYN-11,28,100.445,96.483,26.189,105.977,86.104,28.758,1906.338,0.645656
DSU-SYN-11,29,101.285,93.989,26.341,107.506,100.988,31.102,1958.024,0.689974
DSU-SYN-11,30,100.143,100.42,27.924,113.238,100.753,32.995,1935.523,0.731059
DSU-SYN-11,31,104.75,103.552,25.538,105.097,98.311,32.718,1895.965,0.768525
DSU-SYN-11,32,103.757,98.37,21.795,108.291,96.951,31.421,2062.864,0.802184
DSU-SYN-11,33,98.589,95.254,20.949,107.379,96.118,30.672,2050.237,0.832018
DSU-SYN-11,34,109.442,100.237,26.681,116.997,98.896,30.011,1860.402,0.858149
DSU-SYN-11,35,103.34,104.028,33.41,111.707,94.875,29.189,2025.97,0.880797
DSU-SYN-11,36,97.073,103.357,29.858,114.383,98.539,33.646,2005.135,0.90025
DSU-SYN-11,37,102.304,110.156,27.016,116.785,85.676,35.494,2100.956,0.916827
DSU-SYN-11,38,106.596,103.95,29.36,108.583,103.751,30.34,1959.74,0.930862
DSU-SYN-11,39,112.295,106.242,26.256,108.298,96.831,34.243,1935.898,0.942676
DSU-SYN-11,40,108.622,105.281,27.85,118.977,99.077,31.919,1940.46,0.952574
DSU-SYN-11,41,112.073,97.863,28.985,112.671,94.752,30.965,2108.146,0.960834
DSU-SYN-11,42,108.119,96.773,28.908,112.373,121.93,33.23,1986.762,0.967705
DSU-SYN-11,43,114.313,92.717,28.408,125.342,100.622,28.207,1987.401,0.973403
DSU-SYN-11,44,114.57,103.887,26.098,109.367,98.056,33.464,2110.204,0.978119
DSU-SYN-11,45,112.63,104.357,24.885,105.597,104.691,29.213,2001.909,0.982014
DSU-SYN-11,46,108.947,96.447,25.67,113.07,104.578,35.244,2061.156,0.985226
DSU-SYN-11,47,107.842,98.451,25.566,110.628,104.069,33.443,1872.463,0.987872
DSU-SYN-11,48,103.584,108.244,28.452,105.239,115.787,32.538,2047.012,0.990048
DSU-SYN-11,49,109.542,100.416,26.444,126.511,107.708,34.673,2060.986,0.991837
DSU-SYN-11,50,102.555,108.668,26.162,115.513,91.881,27.522,2043.367,0.993307
DSU-SYN-12,1,103.004,95.708,27.845,104.295,79.896,22.576,1734.355,0.008163
DSU-SYN-12,2,111.52,111.297,25.643,91.819,73.398,24.611,1724.957,0.009952
DSU-SYN-12,3,106.52,112.625,29.536,94.526,81.952,22.27,1848.534,0.012128
DSU-SYN-12,4,109.881,122.128,23.544,87.584,74.203,24.24,1872.229,0.014774
DSU-SYN-12,5,103.884,110.355,29.448,96.018,65.989,26.78,1822.736,0.017986
DSU-SYN-12,6,110.294,106.923,27.126,91.404,75.677,23.354,1678.455,0.021881
DSU-SYN-12,7,102.138,102.226,27.139,91.818,73.219,24.548,1695.354,0.026597
DSU-SYN-12,8,114.812,104.75,25.528,95,61.022,21.344,1809.651,0.032295
DSU-SYN-12,9,98.92,111.8,30.423,90.04,73.929,26.147,1710.362,0.039166
DSU-SYN-12,10,112.095,103.005,25.492,87.642,74.399,26.279,1732.627,0.047426
DSU-SYN-12,11,101.578,101.125,27.721,103.721,74.904,22.458,1802.117,0.057324
DSU-SYN-12,12,106.949,104.86,24.396,101.367,57.542,25.47,1719.567,0.069138
DSU-SYN-12,13,106.348,115.466,25.075,89.144,72.276,24.569,1725.309,0.083173
DSU-SYN-12,14,100.829,102.974,30.145,94.038,76.096,22.95,1715.047,0.09975
DSU-SYN-12,15,117.436,106.712,25.929,100.594,69.445,22.199,1767.765,0.119203
DSU-SYN-12,16,109.457,109.358,32.378,96.533,59.964,24.596,1776.494,0.141851
DSU-SYN-12,17,110.143,109.76,27.205,94.775,78.433,22.535,1715.344,0.167982
DSU-SYN-12,18,125.582,105.488,27.673,86.773,76.05,21.682,1759.659,0.197816
DSU-SYN-12,19,116.294,112.034,29.009,85.86,87.046,21.177,1907.729,0.231475
DSU-SYN-12,20,116.851,113.235,25.634,98.221,73.948,24.387,1794.479,0.268941
DSU-SYN-12,21,102.29,116.696,27.77,95.307,74.234,25.383,1761.732,0.310026
DSU-SYN-12,22,102.005,113.921,29.487,97.993,71.594,24.895,1735.073,0.354344
DSU-SYN-12,23,108.99,108.977,30.53,98.048,76.734,29.757,1876.353,0.401312
DSU-SYN-12,24,116.7,111.762,27.168,88.18,86.211,26.196,1853.795,0.450166
DSU-SYN-12,25,115.216,118.188,25.016,98.856,74.577,29.714,1942.583,0.5
DSU-SYN-12,26,105.786,107.835,28.817,100.657,74.445,30.356,1918.115,0.549834
DSU-SYN-12,27,120.053,112.823,31.193,102.283,81.669,27.227,1796.864,0.598688
DSU-SYN-12,28,126.509,118.041,32.819,99.147,78.769,22.992,1942.505,0.645656
DSU-SYN-12,29,119.652,115.605,27.299,98.975,84.904,24.919,1890.287,0.689974
DSU-SYN-12,30,127.797,118.255,33.211,104.279,87.485,26.116,1831.771,0.731059
DSU-SYN-12,31,127.878,118.665,32.085,103.79,85.776,24.245,2048.365,0.768525
DSU-SYN-12,32,122.899,121.782,33.779,115.981,92.031,23,1923.245,0.802184
DSU-SYN-12,33,116.859,124.121,30.957,101.356,86.903,22.944,1977.172,0.832018
DSU-SYN-12,34,114.072,123.598,31.603,121.722,93.645,25.732,2045.997,0.858149
DSU-SYN-12,35,115.769,116.549,31.602,97.823,88.788,24.333,2002.618,0.880797
DSU-SYN-12,36,117.718,123.833,30.913,119.603,89.44,25.044,1984.08,0.90025
DSU-SYN-12,37,116.684,124.041,32.42,126.38,86,26.366,1966.032,0.916827
DSU-SYN-12,38,124.719,124.171,30.881,118.392,86.31,29.56,2048.241,0.930862
DSU-SYN-12,39,123.81,120.901,37.139,107.232,92.036,25.268,2139.083,0.942676
DSU-SYN-12,40,128.483,119.262,32.402,113.898,87.347,29.081,2044.311,0.952574
DSU-SYN-12,41,125.276,122.593,32.239,113.91,90.966,25.618,2138.101,0.960834
DSU-SYN-12,42,119.069,125.064,30.394,123.242,85.328,25.411,1953.711,0.967705
DSU-SYN-12,43,126.041,116.163,30.027,99.896,92.306,26.022,1919.144,0.973403
DSU-SYN-12,44,129.937,116.575,33.238,108.707,100.567,29.167,1954.159,0.978119
DSU-SYN-12,45,119.993,126.211,30.609,111.983,98.669,25.437,2032.282,0.982014
DSU-SYN-12,46,129.41,127.287,30.882,111.336,80.667,24.682,2049.14,0.985226
DSU-SYN-12,47,123.995,123.663,33.892,106.004,89.735,27.806,1978.357,0.987872
DSU-SYN-12,48,131.881,127.871,32.03,123.941,82.203,27.324,2053.945,0.990048
DSU-SYN-12,49,120.183,124.864,28.547,117.359,97.579,28.031,1899.143,0.991837
DSU-SYN-12,50,119.948,126.21,31.373,97.084,98.718,27.698,1971.944,0.993307
DSU-SYN-13,1,95.772,100.603,23.972,87.505,97.099,31.326,1947.398,0.008163
DSU-SYN-13,2,93.141,107.98,22.559,89.259,82.044,28.071,1906.832,0.009952
DSU-SYN-13,3,93.374,104.652,18.03,86.515,90.345,28.398,1916.227,0.012128
DSU-SYN-13,4,99.127,105.666,26.82,91.767,88.721,25.05,1753.518,0.014774
DSU-SYN-13,5,88.588,107.972,24.858,90.378,87.502,30.528,1904.5,0.017986
DSU-SYN-13,6,93.382,106.767,29.514,75.416,83.937,29.446,2034.546,0.021881
DSU-SYN-13,7,92.329,102.859,27.676,90.972,84.624,28.17,2010.385,0.026597
DSU-SYN-13,8,100.684,108.138,25.922,85.561,90.24,27.079,1942.733,0.032295
DSU-SYN-13,9,86.066,111.034,22.994,83.444,87.619,32.375,1901.931,0.039166
DSU-SYN-13,10,88.174,101.943,30.033,69.344,81.182,34.26,1975.359,0.047426
DSU-SYN-13,11,86.152,104.666,26.103,91.513,98.433,28.445,1899.181,0.057324
DSU-SYN-13,12,95.83,101.597,23.408,76.137,78.242,25.282,1858.066,0.069138
DSU-SYN-13,13,93.713,99.344,18.201,80.741,85.082,26.068,2051.088,0.083173
DSU-SYN-13,14,89.378,110.044,26.094,87.116,83.232,27.505,1896.138,0.09975
DSU-SYN-13,15,93.646,104.808,23.876,93.749,91.195,26.613,1965.715,0.119203
DSU-SYN-13,16,92.784,102.059,26.524,84.57,83.417,23.772,1937.222,0.141851
DSU-SYN-13,17,96.508,103.394,32.778,94.185,97.435,29.926,2099.864,0.167982
DSU-SYN-13,18,90.276,94.601,25.507,92.876,91.115,28.752,2071.578,0.197816
DSU-SYN-13,19,96.727,112.005,24.438,83.695,100.564,28.457,1945.586,0.231475
DSU-SYN-13,20,92.384,105.439,25.198,83.393,82.626,27.875,1958.947,0.268941
DSU-SYN-13,21,101.766,110.89,27.835,87.537,91.724,29.437,2062.911,0.310026
DSU-SYN-13,22,96.559,115.617,27.409,97.728,90.397,24.189,2044.858,0.354344
DSU-SYN-13,23,101.5,113.944,28.675,91.912,89.435,30.297,2070.014,0.401312
DSU-SYN-13,24,95.948,117.494,25.652,91.577,105.072,31.295,2029.758,0.450166
DSU-SYN-13,25,101.087,113.618,21.239,90.736,95.945,28.441,2087.066,0.5
DSU-SYN-13,26,106.194,112.133,25.703,99.22,95.287,29.152,2064.295,0.549834
DSU-SYN-13,27,112.635,103.417,27.616,98.324,93.537,31.997,2156.304,0.598688
DSU-SYN-13,28,102.033,114.112,28.537,98.751,98.693,29.474,2131.138,0.645656
DSU-SYN-13,29,106.836,110.112,26.407,89.863,105.248,30.756,2162.13,0.689974
DSU-SYN-13,30,96.661,125.927,27.713,102.267,105.997,27.836,2100.844,0.731059
DSU-SYN-13,31,105.379,131.964,30.172,111.721,108.854,31.38,2081.083,0.768525
DSU-SYN-13,32,110.388,110.792,33.586,104.023,86.392,29.751,2206.201,0.802184
DSU-SYN-13,33,104.441,122.395,27.605,95.643,102.461,30.806,2144.988,0.832018
DSU-SYN-13,34,112.233,115.039,30.641,104.462,94.072,27.539,2178.048,0.858149
DSU-SYN-13,35,116.41,122.594,25.655,85.89,108.264,30.691,2263.897,0.880797
DSU-SYN-13,36,102.451,121.799,32.18,102.296,101.698,31.077,2227.832,0.90025
DSU-SYN-13,37,107.081,125.217,28.991,97.375,116.448,29.572,2155.027,0.916827
DSU-SYN-13,38,107.076,120.935,29.248,105.549,104.628,31.579,2034.004,0.930862
DSU-SYN-13,39,117.022,120.075,31.724,97.645,102.277,29.511,2305.453,0.942676
DSU-SYN-13,40,104.867,124.78,28.695,103.416,103.828,34.443,2073.252,0.952574
DSU-SYN-13,41,101.367,111.402,27.642,101.444,95.78,29.433,2066.99,0.960834
DSU-SYN-13,42,102.979,127.264,31.404,107.589,99.587,27.457,2130.34,0.967705
DSU-SYN-13,43,107.955,125.706,32.679,110.373,101.292,31.382,2189.296,0.973403
DSU-SYN-13,44,107.25,131.635,26.041,105.285,113.083,27.676,2168.143,0.978119
DSU-SYN-13,45,105.681,120.403,26.475,110.351,109.888,32.628,2153.447,0.982014
DSU-SYN-13,46,108.817,117.081,29.649,119.771,106.528,28.402,2227.961,0.985226
DSU-SYN-13,47,101.673,115.63,27.891,104.242,111.629,32.828,2252.74,0.987872
DSU-SYN-13,48,102.976,118.958,31.184,103.186,104.38,32.494,2192.37,0.990048
DSU-SYN-13,49,109.633,129.66,30.083,114.071,109.443,27.73,2140.171,0.991837
DSU-SYN-13,50,104.361,117.449,30.294,110.716,113.647,32.175,2186.564,0.993307
DSU-SYN-14,1,93.554,93.42,27.706,62.654,73.988,21.522,1677.899,0.008163
DSU-SYN-14,2,99.187,90.535,27.413,56.944,64.389,19.321,1547.3,0.009952
DSU-SYN-14,3,110.021,93.65,23.338,61.336,63.117,20.869,1600.511,0.012128
DSU-SYN-14,4,108.224,94.122,24.386,53.211,68.218,21.439,1647.531,0.014774
DSU-SYN-14,5,111.62,98.527,29.399,56.305,71.936,19.803,1598.883,0.017986
DSU-SYN-14,6,100.871,94.598,23.531,66.057,55.904,19.405,1590.547,0.021881
DSU-SYN-14,7,102.975,89.615,27.329,73.299,70.03,19.384,1626.704,0.026597
DSU-SYN-14,8,108.62,99.152,25.685,61.623,50.902,21.33,1774.736,0.032295
DSU-SYN-14,9,104.924,83,29.316,56.814,57.991,20.117,1650.064,0.039166
DSU-SYN-14,10,102.231,90.526,28.148,59.964,55.481,17.754,1658.495,0.047426
DSU-SYN-14,11,103.959,86.885,30.355,46.206,59.656,17.077,1648.065,0.057324
DSU-SYN-14,12,107.871,99.799,26.159,66.418,63.745,14.398,1774.275,0.069138
DSU-SYN-14,13,98.121,96.515,28.984,64.861,59.884,20.804,1536.222,0.083173
DSU-SYN-14,14,105.285,91.897,26.397,66.144,69.647,17.947,1705.068,0.09975
DSU-SYN-14,15,106.213,90.602,27.541,62.203,59.392,19.958,1672.682,0.119203
DSU-SYN-14,16,98.418,87.216,29.358,59.606,65.837,20.935,1574.084,0.141851
DSU-SYN-14,17,99.784,104.316,29.303,62.557,58.944,17.816,1587.55,0.167982
DSU-SYN-14,18,111.796,92.597,31.305,63.325,58.884,18.152,1496.149,0.197816
DSU-SYN-14,19,107.381,96.236,30.797,55.152,72.788,21.41,1777.581,0.231475
DSU-SYN-14,20,108.396,102.831,25.241,71.572,61.939,15.388,1622.488,0.268941
DSU-SYN-14,21,109.426,94.379,30.061,57.348,54.625,23.12,1776.769,0.310026
DSU-SYN-14,22,104.95,99.284,31.886,71.688,69.164,22.613,1675.649,0.354344
DSU-SYN-14,23,111.198,100.055,28.886,67.867,69.651,20.158,1667.499,0.401312
DSU-SYN-14,24,115.93,96.141,29.262,69.509,72.339,14.979,1817.909,0.450166
DSU-SYN-14,25,109.433,108.02,28.856,72.084,82.67,19.793,1857.215,0.5
DSU-SYN-14,26,113.91,104.895,30.47,78.561,68.071,18.236,1740.745,0.549834
DSU-SYN-14,27,115.093,102.593,32.311,82.377,67.306,19.066,1699.565,0.598688
DSU-SYN-14,28,125.592,106.066,31.965,67.541,74.094,22.371,1796.499,0.645656
DSU-SYN-14,29,121.616,116.899,28.615,70.424,69.72,25.3,1900.453,0.689974
DSU-SYN-14,30,116.3,106.262,29.142,82.801,73.529,20.807,1882.428,0.731059
DSU-SYN-14,31,116.712,105.579,31.394,83.057,86.437,23.078,1907.285,0.768525
DSU-SYN-14,32,117.258,103.821,33.167,80.053,68.695,20.936,1855.348,0.802184
DSU-SYN-14,33,116.242,115.305,32.878,87.921,79.408,22.084,1804.539,0.832018
DSU-SYN-14,34,119.325,108.432,28.389,77.019,76.411,23.024,1910.235,0.858149
DSU-SYN-14,35,116.766,111.119,31.462,63.537,75.895,24.783,1767.008,0.880797
DSU-SYN-14,36,120.586,117.051,30.111,81.196,71.368,26.236,1884.737,0.90025
DSU-SYN-14,37,120.554,116.195,33.748,76.294,75.64,23.475,1851.855,0.916827
DSU-SYN-14,38,109.987,109.41,28.462,91.554,80.865,20.033,1850.85,0.930862
DSU-SYN-14,39,111.339,104.391,34.761,95.507,84.399,22.116,1873.061,0.942676
DSU-SYN-14,40,116.182,120.366,31.797,95.028,88.6,18.035,1859.651,0.952574
DSU-SYN-14,41,117.768,109.816,32.159,100.493,73.941,22.994,1951.901,0.960834
DSU-SYN-14,42,121.229,110.89,29.731,83.306,83.61,23.27,1950.721,0.967705
DSU-SYN-14,43,128.402,115.127,32.549,75.762,77.056,21.926,1930.181,0.973403
DSU-SYN-14,44,119.033,105.848,29.424,72.989,79.34,18.82,1843.894,0.978119
DSU-SYN-14,45,119.525,103.917,33.363,87.423,77.531,21.418,1952.72,0.982014
DSU-SYN-14,46,117.982,106.741,35.42,88.357,84.501,24.839,1777.654,0.985226
DSU-SYN-14,47,128.369,112.662,34.969,85.433,81.239,21.847,1942.557,0.987872
DSU-SYN-14,48,120.08,115.081,28.487,79.909,93.257,20.98,1900.802,0.990048
DSU-SYN-14,49,117.258,112.453,30.621,82.084,86.117,20.805,1973.25,0.991837
DSU-SYN-14,50,125.809,116.075,32.82,102.678,87.381,23.371,1857.173,0.993307
DSU-SYN-15,1,109.459,94.413,30.423,112.239,80.243,25.583,1668.499,0.008163
DSU-SYN-15,2,103.769,79.876,26.756,106.547,80.988,29.972,1672.145,0.009952
DSU-SYN-15,3,105.092,86.828,22.401,91.436,80.055,26.856,1696.662,0.012128
DSU-SYN-15,4,115.605,84.304,27.657,99.547,64.589,29.058,1603.42,0.014774
DSU-SYN-15,5,107.921,97.335,22.383,105.882,69.759,31.034,1658.235,0.017986
DSU-SYN-15,6,112.088,82.804,24.302,109.234,86.431,29.98,1575.694,0.021881
DSU-SYN-15,7,111.971,99.75,26.496,112.545,71.459,28.694,1683.297,0.026597
DSU-SYN-15,8,112.365,83.884,24.244,109.829,83.164,32.604,1767.913,0.032295
DSU-SYN-15,9,111.175,86.283,29.679,108.329,70.257,26.268,1678.134,0.039166
DSU-SYN-15,10,109.765,87.856,29.023,108.787,84.296,24.058,1663.914,0.047426
DSU-SYN-15,11,114.303,80.533,24.753,99.407,76.645,32.998,1790.727,0.057324
DSU-SYN-15,12,106.97,91.012,27.845,107.036,79.145,29.737,1770.82,0.069138
DSU-SYN-15,13,116.807,83.331,28.506,110.373,78.922,31.865,1670.066,0.083173
DSU-SYN-15,14,112.595,89.536,21.552,104.901,73.354,26.14,1762.255,0.09975
DSU-SYN-15,15,114.464,89.131,25.281,107.589,83.701,27.121,1667.372,0.119203
DSU-SYN-15,16,116.691,80.008,26.66,103.734,77.403,28.029,1684.138,0.141851
DSU-SYN-15,17,122.439,88.538,27.662,118.853,75.428,33.93,1682.716,0.167982
DSU-SYN-15,18,122.267,94.446,27.846,107.147,75.581,29.708,1754.109,0.197816
DSU-SYN-15,19,113.898,89.718,26.616,114.237,87.349,27.992,1654.59,0.231475
DSU-SYN-15,20,116.535,99.613,30.292,101.595,79.163,27.491,1693.905,0.268941
DSU-SYN-15,21,123.4,85.602,23.581,105.038,83.293,31.542,1755.578,0.310026
DSU-SYN-15,22,122.054,84.697,30.816,109.112,86.844,26.867,1738.599,0.354344
DSU-SYN-15,23,118.202,100.137,24.112,112.203,76.883,31.637,1806.748,0.401312
DSU-SYN-15,24,124.336,92.562,30.633,121.258,74.512,32.109,1834.094,0.450166
DSU-SYN-15,25,117.504,90.08,30.917,106.992,84.298,30.687,1832.036,0.5
DSU-SYN-15,26,116.561,93.608,29.051,121.324,100.09,27.228,1818.973,0.549834
DSU-SYN-15,27,115.141,103.005,26.696,112.312,83.807,31.012,1834.179,0.598688
DSU-SYN-15,28,123.838,98.727,25.948,121.76,87.964,34.304,1776.104,0.645656
DSU-SYN-15,29,114.205,99.384,32.73,119.334,87.97,29.41,1961.985,0.689974
DSU-SYN-15,30,117.808,96.666,31.116,108.136,97.637,33.319,1914.213,0.731059
DSU-SYN-15,31,126.421,100.162,27.217,119.256,84.888,33.131,1918.981,0.768525
DSU-SYN-15,32,131.621,103.432,32.351,119.054,88.543,33.241,1845.551,0.802184
DSU-SYN-15,33,126.12,96.805,27.982,125.306,97.329,29.718,1928.497,0.832018
DSU-SYN-15,34,122.58,102.663,33.856,126.913,97.307,37.064,1840.122,0.858149
DSU-SYN-15,35,120.722,99.378,29.789,108.439,91.74,31.025,1951.051,0.880797
DSU-SYN-15,36,127.764,100.335,31.995,127.334,88.762,31.236,1746.248,0.90025
DSU-SYN-15,37,120.847,99.925,30.787,117.687,90.624,29.475,1918.975,0.916827
DSU-SYN-15,38,128.681,105.902,30.701,114.422,90.266,31.579,1882.977,0.930862
DSU-SYN-15,39,127.14,111.23,32.759,118.003,98.293,34.248,1858.327,0.942676
DSU-SYN-15,40,131.188,103.479,27.252,126.877,95.722,32.119,1915.099,0.952574
DSU-SYN-15,41,123.497,107.48,30.709,125.326,96.728,29.837,1857.599,0.960834
DSU-SYN-15,42,116.166,107.377,27.82,125.274,96.949,34.258,1837.979,0.967705
DSU-SYN-15,43,126.993,113.007,35.165,130.528,96.862,30.263,1974.273,0.973403
DSU-SYN-15,44,126.613,107.543,29.32,123.67,95.916,33.411,1959.945,0.978119
DSU-SYN-15,45,124.578,98.094,34.983,139.729,97.693,29.502,1872.429,0.982014
DSU-SYN-15,46,130.077,111.574,27.905,124.118,96.249,34.987,1903.465,0.985226
DSU-SYN-15,47,119.76,108.022,33.762,124.427,97.557,31.65,1869.106,0.987872
DSU-SYN-15,48,132.75,106.893,32.186,133.983,88.84,31.466,1940.019,0.990048
DSU-SYN-15,49,124.829,108.903,30.501,119.054,95.6,33.279,1994.928,0.991837
DSU-SYN-15,50,129.643,107.32,31.777,123.913,90.937,33.582,1906.622,0.993307
DSU-SYN-16,1,111.131,93.458,27.927,99.215,57.18,24.054,1830.109,0.008163
DSU-SYN-16,2,103.221,87.926,27.527,102.511,53.591,25.506,1947.338,0.009952
DSU-SYN-16,3,106.608,84.864,26.096,96.415,57.977,28.405,2023.88,0.012128
DSU-SYN-16,4,103.749,90.179,22.161,94.18,65.213,28.24,1539.987,0.014774
DSU-SYN-16,5,106.229,96.514,21.403,106.276,41.273,29.593,1847.583,0.017986
DSU-SYN-16,6,91.179,89.224,29.289,99.429,61.491,26.235,1719.06,0.021881
DSU-SYN-16,7,106.473,95.827,29.259,85.422,48.987,25.169,1739.263,0.026597
DSU-SYN-16,8,103.337,89.148,22.887,102.138,61.797,25.937,1840.405,0.032295
DSU-SYN-16,9,93.491,85.643,26.515,98.638,60.601,27.947,1836.038,0.039166
DSU-SYN-16,10,104.819,92.464,26.298,99.713,57.376,25.754,1893.622,0.047426
DSU-SYN-16,11,100.79,89.562,26.656,96.202,56.722,26.143,1744.784,0.057324
DSU-SYN-16,12,105.694,89.002,28.768,95.097,70.3,26.513,1802.276,0.069138
DSU-SYN-16,13,99.063,79.427,30.544,106.821,62.813,25.281,1994.533,0.083173
DSU-SYN-16,14,102.572,87.05,30.387,102.912,72.746,28.213,1844.925,0.09975
DSU-SYN-16,15,101.621,79.51,26.192,106.254,63.522,27.724,1808.908,0.119203
DSU-SYN-16,16,106.222,94.217,28.077,100.885,55.6,29.936,1666.114,0.141851
DSU-SYN-16,17,107.473,102.475,23.357,99.012,60.857,26.721,1965.733,0.167982
DSU-SYN-16,18,108.458,90.922,29.267,101.217,80.58,28.381,1915.807,0.197816
DSU-SYN-16,19,98.149,88.049,30.308,93.844,49.229,28.225,2008.187,0.231475
DSU-SYN-16,20,107.588,89.76,22.976,105.395,66.891,23.847,2002.892,0.268941
DSU-SYN-16,21,111.944,97.842,29.283,107.507,66.87,30.645,1808.487,0.310026
DSU-SYN-16,22,101.408,89.298,27.717,106.889,66.58,31.453,2029.49,0.354344
DSU-SYN-16,23,105.396,95.016,26.152,104.464,67.502,20.336,2131.973,0.401312
DSU-SYN-16,24,113.47,91.724,33.329,104.583,67.343,27.845,2093.482,0.450166
DSU-SYN-16,25,111.01,96.347,31.764,111.275,67.219,32.048,2170.486,0.5
DSU-SYN-16,26,114.019,97.081,29.426,116.723,64.946,28.786,1900.122,0.549834
DSU-SYN-16,27,107.392,94.787,29.099,120.55,72.735,27.406,1971.44,0.598688
DSU-SYN-16,28,121.03,103.855,29.539,108.314,77.208,27.401,2063.931,0.645656
DSU-SYN-16,29,126.318,100.046,27.747,114.406,68.524,26.585,2098.857,0.689974
DSU-SYN-16,30,121.283,98.204,28.944,107.078,71.266,28.837,1991.338,0.731059
DSU-SYN-16,31,125.829,102.766,31.502,118.972,77.542,29.367,2092.429,0.768525
DSU-SYN-16,32,115.629,103.231,31.09,112.116,65.613,30.907,2069.149,0.802184
DSU-SYN-16,33,108.059,104.114,32.795,130.239,71.838,29.32,2014.738,0.832018
DSU-SYN-16,34,119.025,103.058,28.482,114.594,62.836,33.092,2046.29,0.858149
DSU-SYN-16,35,118.216,95.321,29.165,114.464,75.093,32.071,2207.767,0.880797
DSU-SYN-16,36,122.403,107.615,34.331,119.988,75.33,33.476,2187.978,0.90025
DSU-SYN-16,37,122.28,95.829,28.694,115.285,80.559,30.969,2197.421,0.916827
DSU-SYN-16,38,125.866,109.351,33.88,111.021,79.058,29.563,2006.616,0.930862
DSU-SYN-16,39,118.066,110.192,32.076,129.61,77.462,37.251,2138.022,0.942676
DSU-SYN-16,40,119.793,97.349,33.749,114.708,72.714,34.376,2209.64,0.952574
DSU-SYN-16,41,125.49,102.084,30.885,117.544,81.457,35.092,2156.813,0.960834
DSU-SYN-16,42,129.828,108.504,30.46,123.026,87.135,36.232,2216.186,0.967705
DSU-SYN-16,43,120.184,103.038,32.515,128.223,79.616,32.397,2138.411,0.973403
DSU-SYN-16,44,118.501,103.395,31.436,128.592,75.669,31.412,2075.652,0.978119
DSU-SYN-16,45,123.794,111.109,35.178,119.589,80.631,30.913,2174.358,0.982014
DSU-SYN-16,46,121.839,104.625,31.477,121.151,75.484,30.704,2257.876,0.985226
DSU-SYN-16,47,133.869,98.36,27.997,112.755,76.683,33.561,2180.542,0.987872
DSU-SYN-16,48,121.216,107.065,29.426,117.081,77.225,27.37,2058.515,0.990048
DSU-SYN-16,49,114.78,108.273,31.778,122.251,66.344,27.629,2186.769,0.991837
DSU-SYN-16,50,106.521,110.602,26.614,123.677,72.079,33.966,2365.356,0.993307
DSU-SYN-17,1,86.651,84.271,23.88,80.327,81.947,25.468,2026.951,0.008163
DSU-SYN-17,2,101.952,73.585,31.514,75.351,74.808,29.138,2086.592,0.009952
DSU-SYN-17,3,107.627,86.972,26.425,77.344,83.994,28.976,2122.585,0.012128
DSU-SYN-17,4,99.018,79.914,28.307,85.74,83.343,24.184,2053.237,0.014774
DSU-SYN-17,5,95.425,73.961,26.573,86.973,82.145,26.946,1920.203,0.017986
DSU-SYN-17,6,101.106,80.234,27.264,79.154,80.487,19.891,2159.442,0.021881
DSU-SYN-17,7,99.564,79.556,26.076,69.353,84.9,29.255,2110.521,0.026597
DSU-SYN-17,8,91.538,82.354,28.386,83.482,87.311,17.78,2136.176,0.032295
DSU-SYN-17,9,93.558,74.244,28.081,80.915,73.964,27.035,2153.504,0.039166
DSU-SYN-17,10,98.959,77.163,26.145,84.786,74.906,27.97,2090.984,0.047426
DSU-SYN-17,11,98.423,73.139,28.275,82.53,76.153,26.597,2111.748,0.057324
DSU-SYN-17,12,95.896,86.165,23.194,81.188,94.124,28.999,2136.348,0.069138
DSU-SYN-17,13,97.859,78.965,28.011,82.68,79.845,27.352,2262.593,0.083173
DSU-SYN-17,14,99.356,75.721,25.488,84.441,84.661,27.72,2080.891,0.09975
DSU-SYN-17,15,104.169,82.001,27.113,77.804,78.227,30.583,2117.334,0.119203
DSU-SYN-17,16,103.646,80.516,26.426,79.305,92.469,24.403,2069.938,0.141851
DSU-SYN-17,17,101.671,86.166,33.291,83.405,90.248,27.613,2058.004,0.167982
DSU-SYN-17,18,96.614,78.789,26,86.712,88.721,26.139,1966.175,0.197816
DSU-SYN-17,19,112.314,80.342,34.624,73.984,82.78,20.574,2183.112,0.231475
DSU-SYN-17,20,97.205,80.123,26.247,88.168,92.672,30.769,2121.003,0.268941
DSU-SYN-17,21,104.545,79.781,29.042,81.295,92.012,28.954,2250.703,0.310026
DSU-SYN-17,22,100.034,92.018,29.987,83.435,85.861,25.198,2316.585,0.354344
DSU-SYN-17,23,106.631,88.744,29.671,101.092,98.881,24.992,2189.561,0.401312
DSU-SYN-17,24,104.902,89.48,28.813,90.124,100.741,23.716,2144.4,0.450166
DSU-SYN-17,25,104.454,87.463,35.807,94.597,98.691,26.548,2218.278,0.5
DSU-SYN-17,26,100.509,94.453,32.282,97.399,92.756,27.064,2265.174,0.549834
DSU-SYN-17,27,113.106,84.073,33.134,90.635,88.647,22.412,2258.373,0.598688
DSU-SYN-17,28,116.731,100.643,32.413,103.564,95.68,30.204,2250.431,0.645656
DSU-SYN-17,29,107.717,89.679,26.59,100.489,92.974,26.004,2212.715,0.689974
DSU-SYN-17,30,110.007,102.624,37.177,83.705,95.519,25.594,2376.821,0.731059
DSU-SYN-17,31,113.137,91.298,32.308,91.63,108.081,29.704,2365.765,0.768525
DSU-SYN-17,32,98.975,94.753,37.499,103.192,87.986,27.695,2244.869,0.802184
DSU-SYN-17,33,121.402,96.845,30.518,96.096,84.021,25.891,2340.477,0.832018
DSU-SYN-17,34,117.545,86.387,31.613,102.524,91.479,29.286,2350.383,0.858149
DSU-SYN-17,35,122.296,95.351,32.248,102.094,92.683,28.256,2320.659,0.880797
DSU-SYN-17,36,113.38,101.094,34.157,92.9,101.85,32.616,2300.199,0.90025
DSU-SYN-17,37,115.099,96.184,32.696,87.973,109.826,27.024,2435.193,0.916827
DSU-SYN-17,38,111.519,94.275,35.955,104.029,102.894,30.922,2347.38,0.930862
DSU-SYN-17,39,114.797,94.307,35.24,94.165,110.789,28.279,2372.559,0.942676
DSU-SYN-17,40,118.81,97.913,32.283,98.364,107.439,27.453,2365.256,0.952574
DSU-SYN-17,41,115.217,102.265,32.819,109.575,101.302,28.551,2364.598,0.960834
DSU-SYN-17,42,108.706,92.882,31.776,105.692,102.18,27.962,2464.489,0.967705
DSU-SYN-17,43,123.147,104.445,30.998,96.03,113.375,29.8,2361.607,0.973403
DSU-SYN-17,44,119.068,103.29,31.725,100.422,108.147,26.317,2382.62,0.978119
DSU-SYN-17,45,109.975,93.406,31.765,102.054,100.733,27.613,2386.533,0.982014
DSU-SYN-17,46,109.869,100.525,36.017,98.787,101.513,30.181,2241.895,0.985226
DSU-SYN-17,47,118.336,113.938,32.895,98.606,107.244,33.372,2452.929,0.987872
DSU-SYN-17,48,104.913,101.285,39.642,103.103,95.898,29.972,2295.687,0.990048
DSU-SYN-17,49,121.887,93.721,33.406,94.261,99.583,32.99,2393.113,0.991837
DSU-SYN-17,50,112.954,92.801,28.549,91.932,103.563,31.732,2347.088,0.993307
DSU-SYN-18,1,110.127,82.277,28.341,81.782,103.777,34.454,1743.358,0.008163
DSU-SYN-18,2,100.576,92.221,25.328,91.699,105.197,29.413,1905.741,0.009952
DSU-SYN-18,3,111.151,95.678,28.801,85.153,92.392,31.669,1771.851,0.012128
DSU-SYN-18,4,101.131,86.497,27.711,90.084,113.352,28.934,1838.191,0.014774
DSU-SYN-18,5,107.528,87.24,32.583,89.464,96.539,24.792,1756.251,0.017986
DSU-SYN-18,6,93.343,88.009,25.598,96.095,98.289,28.657,1811.731,0.021881
DSU-SYN-18,7,105.718,82.174,26.563,95.795,100.329,28.7,1917.116,0.026597
DSU-SYN-18,8,102.754,88.214,27.013,101.213,94.838,33.201,1860.705,0.032295
DSU-SYN-18,9,106.868,90.094,31.955,83.898,104.907,33.956,1857.878,0.039166
DSU-SYN-18,10,103.155,83.954,28.263,99.392,92.593,27.019,1991.228,0.047426
DSU-SYN-18,11,106.282,97.352,28.051,90.099,94.852,29.775,1757.247,0.057324
DSU-SYN-18,12,106.797,88.58,29.091,87.259,93.684,31.285,1803.002,0.069138
DSU-SYN-18,13,106.184,97.587,33.018,80.879,96.112,30.579,1884.269,0.083173
DSU-SYN-18,14,96.926,89.44,29.36,101.76,98.145,32.515,1805.466,0.09975
DSU-SYN-18,15,99.133,91.472,32.19,84.958,100.198,26.222,1887.312,0.119203
DSU-SYN-18,16,108.866,86.097,28.969,84.422,96.616,34.167,1911.897,0.141851
DSU-SYN-18,17,100.14,87.168,25.726,85.691,109.191,29.525,2046.982,0.167982
DSU-SYN-18,18,105.212,89.099,31.468,76.396,102.855,29.884,2027.604,0.197816
DSU-SYN-18,19,111.118,84.216,33.136,91.599,96.872,30.641,1919.486,0.231475
DSU-SYN-18,20,114.661,92.262,30.728,99.401,109.605,32.264,2044.282,0.268941
DSU-SYN-18,21,110.752,92.137,33.513,94.355,104.069,34.782,2070.779,0.310026
DSU-SYN-18,22,108.465,89.828,34.291,100.678,106.65,29.859,1993.759,0.354344
DSU-SYN-18,23,109.243,89.62,31.185,98.501,103.443,33.121,2074.849,0.401312
DSU-SYN-18,24,115.08,92.44,32.992,98.451,99.258,32.748,2009.516,0.450166
DSU-SYN-18,25,124.095,102.004,33.124,100.575,108.652,28.766,1892.508,0.5
DSU-SYN-18,26,107.662,95.376,26.327,96.91,107.18,30.946,1982.866,0.549834
DSU-SYN-18,27,111.197,105.114,33.485,97.889,109.233,31.619,1990.086,0.598688
DSU-SYN-18,28,109.904,102.392,31.011,95.716,110.324,32.182,1919.844,0.645656
DSU-SYN-18,29,114.344,102.477,33.405,116.638,118.976,35.696,2267.235,0.689974
DSU-SYN-18,30,119.078,99.692,34.913,100.808,112.937,30.627,2111.413,0.731059
DSU-SYN-18,31,112.702,96.117,33.696,104.161,101.475,28.764,2014.486,0.768525
DSU-SYN-18,32,112.152,102.229,33.374,112.12,118.23,35.224,2147.48,0.802184
DSU-SYN-18,33,118.152,106.191,35.272,108.641,121.936,26.806,2093.51,0.832018
DSU-SYN-18,34,116.045,106.928,37.03,98.258,123.299,29.851,2041.796,0.858149
DSU-SYN-18,35,116.811,99.981,29.316,111.357,119.362,35.51,2098.134,0.880797
DSU-SYN-18,36,118.134,101.77,37.528,90.88,109.933,32.97,2058.322,0.90025
DSU-SYN-18,37,117.339,101.591,31.745,108.637,119.775,32.436,2107.561,0.916827
DSU-SYN-18,38,118.054,102.436,29.107,111.328,113.581,36.239,2184.869,0.930862
DSU-SYN-18,39,124.946,97.631,32.587,101.364,112.292,36.265,2251.164,0.942676
DSU-SYN-18,40,113.533,100.573,33.374,112.55,106.162,29.169,2184.283,0.952574
DSU-SYN-18,41,109.678,100.779,34.01,111.712,116.036,32.297,2211.607,0.960834
DSU-SYN-18,42,120.972,99.902,33.732,111.668,127.333,35.206,2239.567,0.967705
DSU-SYN-18,43,116.596,100.618,33.078,108.633,111.089,36.429,2218.092,0.973403
DSU-SYN-18,44,118.205,106.533,34.246,113.918,109.166,32.92,2153.61,0.978119
DSU-SYN-18,45,122.922,100.252,27.458,103.194,116.943,33.46,2276.703,0.982014
DSU-SYN-18,46,122.776,103.86,33.643,116.38,113.833,32.963,2083.557,0.985226
DSU-SYN-18,47,127.004,105.462,31.968,109.126,120.485,32.698,2123.185,0.987872
DSU-SYN-18,48,116.677,105.234,32.852,107.138,109.454,33.528,2148.566,0.990048
DSU-SYN-18,49,118.373,104.565,35.626,114.11,120.823,32.74,2122.098,0.991837
DSU-SYN-18,50,114.788,100.632,33.813,105.215,118.112,30.934,2045.96,0.993307
DSU-SYN-19,1,126.804,81.51,22.749,65.644,77.634,21.588,1888.561,0.008163
DSU-SYN-19,2,121.661,89.272,20.324,84.048,89.796,11.393,1910.487,0.009952
DSU-SYN-19,3,119.183,82.629,23.815,77.165,74.5,15.89,1905.913,0.012128
DSU-SYN-19,4,125.399,78.082,20.758,84.309,71.373,17.835,1890.914,0.014774
DSU-SYN-19,5,125.624,92.923,26.339,63.313,66.987,17.195,1900.947,0.017986
DSU-SYN-19,6,114.344,88.225,22.193,81.469,86.294,17.588,1951.62,0.021881
DSU-SYN-19,7,116.879,87.332,23.686,66.09,73.728,17.064,1899.545,0.026597
DSU-SYN-19,8,127.889,80.39,29.297,64.788,85.271,15.711,1923.945,0.032295
DSU-SYN-19,9,120.814,82.721,26.997,81.889,82.859,17.269,1938.975,0.039166
DSU-SYN-19,10,119.503,79.631,22.168,70.446,77.379,13.536,1925.31,0.047426
DSU-SYN-19,11,131.172,90.376,23.619,64.908,78.838,12.564,2009.235,0.057324
DSU-SYN-19,12,122.736,94.136,20.823,79.058,75.712,17.579,1839.18,0.069138
DSU-SYN-19,13,127.035,88.613,29.672,79.906,73.033,15.956,1843.485,0.083173
DSU-SYN-19,14,131.721,81.639,28.991,77.373,78.907,17.768,1990.499,0.09975
DSU-SYN-19,15,124.628,84.034,27.125,73.787,72.527,20.117,1945.609,0.119203
DSU-SYN-19,16,127.558,84.019,22.474,85.559,87.049,20.922,1929.736,0.141851
DSU-SYN-19,17,124.082,93.67,24.74,71.928,89.526,18.703,2088.511,0.167982
DSU-SYN-19,18,119.128,89.886,30.948,76.558,77.305,16.028,2049.436,0.197816
DSU-SYN-19,19,122.876,87.427,22.849,86.462,86.491,19.01,1902.979,0.231475
DSU-SYN-19,20,135.08,86.746,23.356,67.372,76.436,15.61,1951.412,0.268941
DSU-SYN-19,21,131.862,87.438,27.21,74.508,81.524,24.221,1982.941,0.310026
DSU-SYN-19,22,130.86,82.285,30.338,76.96,88.323,19.297,2063.441,0.354344
DSU-SYN-19,23,133.138,88.696,29.497,76.303,87.626,18.827,2059.19,0.401312
DSU-SYN-19,24,128.353,92.088,24.32,83.417,84.201,18.657,2045.525,0.450166
DSU-SYN-19,25,132.23,89.653,26.929,76.995,99.007,22.864,2083.444,0.5
DSU-SYN-19,26,138.317,83.736,21.101,81.729,77.658,19.834,2093.673,0.549834
DSU-SYN-19,27,137.938,88.82,28.734,85.285,88.991,19.332,2190.753,0.598688
DSU-SYN-19,28,133.664,104.228,25.989,90.689,87.488,20.009,2152.286,0.645656
DSU-SYN-19,29,133.483,82.845,20.525,94.842,96.114,25.733,2120.093,0.689974
DSU-SYN-19,30,129.256,94.796,28.412,82.069,99.445,26.786,2167.124,0.731059
DSU-SYN-19,31,136.339,91.093,32.433,89.393,88.568,22.547,2103.885,0.768525
DSU-SYN-19,32,137.733,90.962,31.45,89.05,97.929,20.983,2145.448,0.802184
DSU-SYN-19,33,131.474,102.51,26.689,87.414,91.579,21.914,2044.506,0.832018
DSU-SYN-19,34,136.852,103.158,28.06,89.559,93.07,21.406,2099.636,0.858149
DSU-SYN-19,35,138.232,104.56,26.489,89.159,84.259,24.169,2172.101,0.880797
DSU-SYN-19,36,134.513,100.401,26.203,85.632,84.177,19.231,2279.416,0.90025
DSU-SYN-19,37,135.397,102.569,27.203,96.755,87.113,22.065,2193.075,0.916827
DSU-SYN-19,38,150.954,103.642,27.88,96.617,106.379,17.952,2134.612,0.930862
DSU-SYN-19,39,138.343,98.618,28.588,84.941,102.21,18.519,2183.115,0.942676
DSU-SYN-19,40,144.935,100.73,27.02,84.893,92.604,20.225,2214.466,0.952574
DSU-SYN-19,41,132.847,105.095,29.798,94.305,102.796,21.058,2151.77,0.960834
DSU-SYN-19,42,137.239,100.191,29.316,88.333,82.148,20.779,2229.826,0.967705
DSU-SYN-19,43,140.762,107.254,34.46,97.999,102.696,24.122,2326.041,0.973403
DSU-SYN-19,44,149.42,106.097,31.36,92.315,94.247,21.38,2251.25,0.978119
DSU-SYN-19,45,136.634,100.456,23.725,103.971,93.25,23.38,2310.976,0.982014
DSU-SYN-19,46,141.795,108.691,26.525,108.087,101.16,22.778,2309.651,0.985226
DSU-SYN-19,47,134.498,100.073,33.252,82.559,98.053,23.596,2348.534,0.987872
DSU-SYN-19,48,132.466,109.604,28.254,91.127,87.401,19.555,2239.588,0.990048
DSU-SYN-19,49,134.851,105.289,28.004,86.57,91.602,23.124,2192.464,0.991837
DSU-SYN-19,50,140.61,105.095,32.375,92.02,88.533,22.479,2245.265,0.993307
DSU-SYN-20,1,95.177,76.044,21.164,88.322,86.493,36.786,2214.585,0.008163
DSU-SYN-20,2,94.614,78.86,22.532,80.88,87.454,34.023,2299.95,0.009952
DSU-SYN-20,3,103.311,77.261,26.676,92.585,86.296,35.271,2336.815,0.012128
DSU-SYN-20,4,108.673,77.614,24.913,89.965,100.141,38.273,2342.716,0.014774
DSU-SYN-20,5,101.346,83.207,22.559,99.867,91.726,34.045,2297.718,0.017986
DSU-SYN-20,6,96.662,83.527,20.979,96.459,83.576,35.394,2411.575,0.021881
DSU-SYN-20,7,92.051,90.92,21.989,90.821,94.856,36.911,2351.646,0.026597
DSU-SYN-20,8,107.902,83.527,27.483,93.234,103.329,37.372,2207.781,0.032295
DSU-SYN-20,9,116.094,78.184,26.853,90.412,98.046,33.427,2380.047,0.039166
DSU-SYN-20,10,101.921,89.099,24.251,96.048,78.86,34.969,2367.462,0.047426
DSU-SYN-20,11,104.483,86.188,22.288,90.943,99.129,29.528,2382.947,0.057324
DSU-SYN-20,12,101.908,77.033,24.102,98.275,98.513,34.936,2406.539,0.069138
DSU-SYN-20,13,108.171,81.411,21.597,87.408,97.586,35.228,2276.214,0.083173
DSU-SYN-20,14,95.705,86.305,22.044,93.566,100.329,32.13,2351.261,0.09975
DSU-SYN-20,15,103.626,84.395,26.604,84.035,96.698,38.063,2347.21,0.119203
DSU-SYN-20,16,104.199,84.996,24.479,96.004,97.1,33.124,2436.369,0.141851
DSU-SYN-20,17,111.191,84.304,20.01,92.396,95.422,32.828,2349.68,0.167982
DSU-SYN-20,18,98.847,86.947,24.306,83.866,96.961,35.673,2419.989,0.197816
DSU-SYN-20,19,104.542,80.509,22.129,91.253,95.638,36.326,2380.587,0.231475
DSU-SYN-20,20,105.058,83.434,30.509,90.682,92.927,44.348,2434.649,0.268941
DSU-SYN-20,21,101.014,90.144,22.166,101.664,95.83,35.186,2530.144,0.310026
DSU-SYN-20,22,111.544,91.593,25.746,94.518,101.651,39.495,2440.23,0.354344
DSU-SYN-20,23,118.565,91.826,25.418,99.727,99.745,33.541,2438.584,0.401312
DSU-SYN-20,24,111.542,86.373,25.972,99.421,104.541,38.532,2471.246,0.450166
DSU-SYN-20,25,104.497,98.304,25.017,99.904,98.841,35.863,2582.579,0.5
DSU-SYN-20,26,119.161,92.469,25.348,105.2,102.335,36.817,2513.113,0.549834
DSU-SYN-20,27,110.904,92.388,26.366,106.178,99.155,39.273,2440.66,0.598688
DSU-SYN-20,28,111.092,89.328,23.406,109.688,97.994,35.948,2606.071,0.645656
DSU-SYN-20,29,111.9,91.829,23.773,109.566,109.776,39.729,2569.115,0.689974
DSU-SYN-20,30,115.86,90.887,24.467,113.212,110.106,36.321,2546.601,0.731059
DSU-SYN-20,31,114.666,88.543,27.132,103.804,100.551,34.514,2445.586,0.768525
DSU-SYN-20,32,114.916,94.364,24.665,110.942,106.546,39.795,2552.347,0.802184
DSU-SYN-20,33,113.374,95.897,23.842,110.93,101.913,40.774,2550.409,0.832018
DSU-SYN-20,34,123.093,90.184,25.433,110.554,115.082,42.754,2584.836,0.858149
DSU-SYN-20,35,127.376,94.756,29.985,103.114,111.033,32.829,2510.223,0.880797
DSU-SYN-20,36,120.871,89.993,28.401,114.633,105.893,36.342,2561.377,0.90025
DSU-SYN-20,37,114.007,96.347,27.67,107.723,119.278,37.036,2696.944,0.916827
DSU-SYN-20,38,113.883,97.47,30.441,116.656,106.991,40.281,2633.236,0.930862
DSU-SYN-20,39,116.602,100.398,32.197,112.958,113.147,40.623,2505.03,0.942676
DSU-SYN-20,40,121.781,92.413,26.115,123.317,108.428,37.134,2690.948,0.952574
DSU-SYN-20,41,114.89,95.408,30.753,110.784,100.743,40.379,2584.993,0.960834
DSU-SYN-20,42,127.451,94.738,30.292,121.333,105.144,38.565,2642.01,0.967705
DSU-SYN-20,43,115.568,99.223,27.129,109.334,110.657,39.25,2627.988,0.973403
DSU-SYN-20,44,116.945,95.181,27.418,110.639,107.825,39.902,2490.898,0.978119
DSU-SYN-20,45,116.357,96.627,25.594,120.769,110.649,39.55,2585.273,0.982014
DSU-SYN-20,46,119.989,92.008,27.325,105.442,108.936,32.722,2541.103,0.985226
DSU-SYN-20,47,127.435,102.284,31.06,119.449,114.691,38.001,2548.249,0.987872
DSU-SYN-20,48,125.888,98.494,34.008,108.98,122.534,38.75,2715.033,0.990048
DSU-SYN-20,49,128.67,93.089,26.57,105.012,103.353,40.817,2608.282,0.991837
DSU-SYN-20,50,120.475,101.011,23.146,118.963,108.667,40.487,2665.937,0.993307
DSU-SYN-21,1,116.974,85.748,12.071,89.27,70.799,20.372,1702.596,0.008163
DSU-SYN-21,2,108.347,79.591,19.067,85.585,67.193,21.809,1779.292,0.009952
DSU-SYN-21,3,109.987,86.739,16.298,91.792,77.77,24.594,1741.542,0.012128
DSU-SYN-21,4,113.27,79.49,15.222,87.843,65.372,20.324,1563.202,0.014774
DSU-SYN-21,5,103.564,85.167,17.254,84.385,70.265,21.914,1771.559,0.017986
DSU-SYN-21,6,109.559,90.001,17.955,80.817,69.325,19.926,1688.818,0.021881
DSU-SYN-21,7,106.726,88.514,14.114,89.421,73.398,25.304,1644.31,0.026597
DSU-SYN-21,8,110.643,87.628,21.366,80.57,64.611,30.07,1680.394,0.032295
DSU-SYN-21,9,101.223,83.918,10.609,91.055,75.074,20.809,1668.622,0.039166
DSU-SYN-21,10,115.445,78.228,14.268,88.423,65.866,22.388,1615.588,0.047426
DSU-SYN-21,11,112.076,86.411,18.994,91.211,71.818,19.548,1741.501,0.057324
DSU-SYN-21,12,109.563,86.537,20.299,85.952,78.922,26.825,1763.259,0.069138
DSU-SYN-21,13,106.567,76.691,20.444,91.246,66.624,26.206,1654.465,0.083173
DSU-SYN-21,14,109.648,90.546,15.045,90.286,77.962,23.87,1807.068,0.09975
DSU-SYN-21,15,117.787,88.31,12.082,84.736,76.396,19.548,1702.715,0.119203
DSU-SYN-21,16,114.219,96.027,16.597,88.008,71.954,24.396,1721.581,0.141851
DSU-SYN-21,17,118.243,85.153,18.463,95.115,70.39,25.728,1750.644,0.167982
DSU-SYN-21,18,117.478,90.657,19.25,89.306,69.603,26.815,1793.653,0.197816
DSU-SYN-21,19,109.025,91.196,12.54,90.397,79.827,23.583,1767.519,0.231475
DSU-SYN-21,20,99.732,89.005,19.503,97.456,80.585,23.527,1758.909,0.268941
DSU-SYN-21,21,108.893,90.683,15.705,84.481,69.121,27.997,1763.891,0.310026
DSU-SYN-21,22,117.45,89.936,14.6,102.16,63.485,23.024,1792.303,0.354344
DSU-SYN-21,23,118.349,89.717,14.711,92.77,72.965,22.676,1878.12,0.401312
DSU-SYN-21,24,112.008,95.733,19.941,104.414,77.636,26.792,1812.817,0.450166
DSU-SYN-21,25,121.145,87.611,13.194,102.013,82.019,26.212,1803.077,0.5
DSU-SYN-21,26,127.319,93.723,21.086,104.412,90.741,24.44,1809.049,0.549834
DSU-SYN-21,27,113.259,104.664,21.327,104.637,100.106,26.25,1778.266,0.598688
DSU-SYN-21,28,120.615,92.873,19.514,100.537,78.823,22.152,1994.995,0.645656
DSU-SYN-21,29,123.887,97.418,22.615,106.754,84.885,27.534,1906.19,0.689974
DSU-SYN-21,30,126.483,103.05,21.329,103.509,93.235,24.799,1936.532,0.731059
DSU-SYN-21,31,125.876,96.911,19.086,103.532,81.849,22.506,1874.775,0.768525
DSU-SYN-21,32,125.743,106.895,22.656,90.799,89.323,24.897,1962.193,0.802184
DSU-SYN-21,33,124.879,100.138,21.161,106.918,94.139,26.369,2015.416,0.832018
DSU-SYN-21,34,130.119,104.907,17.078,114.327,83.847,28.317,1879.19,0.858149
DSU-SYN-21,35,119.902,111.862,19.263,115.002,87.758,25.572,1950.924,0.880797
DSU-SYN-21,36,119.672,102.261,19.044,106.181,92.989,27.34,1856.145,0.90025
DSU-SYN-21,37,130.733,102.593,20.477,113.398,86.765,23.86,2094.217,0.916827
DSU-SYN-21,38,126.642,102.474,20.888,116.307,84.9,22.97,1921.574,0.930862
DSU-SYN-21,39,133.575,107.254,21.321,117.726,92.773,26.216,1961.012,0.942676
DSU-SYN-21,40,128.766,99.112,22.019,111.556,78.361,26.451,1954.381,0.952574
DSU-SYN-21,41,132.408,94.198,21.094,106.996,94.409,26.85,2103.799,0.960834
DSU-SYN-21,42,130.703,101.493,22.681,107.913,93.942,23.657,1922.475,0.967705
DSU-SYN-21,43,129.773,109.776,16.605,118.41,88.059,22.302,1771.723,0.973403
DSU-SYN-21,44,119.932,103.633,21.968,114.066,85.697,24.261,1954.342,0.978119
DSU-SYN-21,45,127.817,104.956,20.179,115.761,85.344,24.873,1946.459,0.982014
DSU-SYN-21,46,133.081,103.196,20.431,115.98,101.993,27.585,2071.759,0.985226
DSU-SYN-21,47,132.935,100.879,22.247,102.786,87.96,25.507,1957.982,0.987872
DSU-SYN-21,48,124.044,102.511,23.522,109.812,78.046,25.216,1880.479,0.990048
DSU-SYN-21,49,129.046,106.495,22.841,105.844,90.75,25.914,1907.698,0.991837
DSU-SYN-21,50,131.562,108.095,24.579,106.951,96.374,25.861,2033.56,0.993307
DSU-SYN-22,1,100.903,109.819,22.772,81.147,67.246,15.636,1837.847,0.008163
DSU-SYN-22,2,97.677,108.153,26.572,79.615,72.924,20.363,1666.395,0.009952
DSU-SYN-22,3,99.914,105.224,32.11,89.772,66.143,13.187,1624.637,0.012128
DSU-SYN-22,4,104.43,113.804,23.692,81.176,76.542,16.145,1821.171,0.014774
DSU-SYN-22,5,106.879,105.694,28.142,82.403,61.181,14.277,1823.334,0.017986
DSU-SYN-22,6,98.818,116.578,27.801,83.107,70.345,15.222,1758.782,0.021881
DSU-SYN-22,7,93.557,113.469,22.744,82.003,72.194,18.294,1629.555,0.026597
DSU-SYN-22,8,98.044,107.93,29.409,71.298,67.103,17.541,1702.341,0.032295
DSU-SYN-22,9,106.642,112.615,27.623,72.024,68.12,14.408,1683.73,0.039166
DSU-SYN-22,10,106.56,118.732,28.922,87.147,58.818,17.44,1722.499,0.047426
DSU-SYN-22,11,110.488,109.121,28.462,90.393,67.131,14.095,1908.276,0.057324
DSU-SYN-22,12,99.162,111.713,29.991,85.906,66.781,16.455,1716.761,0.069138
DSU-SYN-22,13,99.228,123.04,28.643,88.19,66.192,16.089,1705.535,0.083173
DSU-SYN-22,14,97.357,111.784,28.257,92.003,61.351,15.603,1679.499,0.09975
DSU-SYN-22,15,112.669,108.59,30.775,91.223,68.044,13.685,1652.735,0.119203
DSU-SYN-22,16,110.163,107.042,30.46,86.586,71.636,18.401,1689.663,0.141851
DSU-SYN-22,17,101.457,117.39,28.035,69.974,73.789,14.741,1795.559,0.167982
DSU-SYN-22,18,113.835,114.436,32.244,88.054,80.017,14.802,1771.234,0.197816
DSU-SYN-22,19,110.843,114.006,32.8,85.279,83.582,22.904,1801.652,0.231475
DSU-SYN-22,20,110.914,121.591,27.135,80.824,79.454,18.441,1777.292,0.268941
DSU-SYN-22,21,108.947,104.442,29.828,85.081,78.245,20.416,1845.84,0.310026
DSU-SYN-22,22,111.666,109.683,31.998,94.351,81.095,23.41,1700.288,0.354344
DSU-SYN-22,23,108.592,114.304,31.183,91.688,73.158,20.881,1755.759,0.401312
DSU-SYN-22,24,106.208,113.774,30.09,85.311,75.248,18.104,1792.458,0.450166
DSU-SYN-22,25,116.679,119.494,33.892,92.609,76.391,17.32,1861.971,0.5
DSU-SYN-22,26,116.769,118.632,32.775,89.999,82.087,17.486,1937.032,0.549834
DSU-SYN-22,27,114.392,129.173,28.834,87.093,74.813,15.68,1795.279,0.598688
DSU-SYN-22,28,118.04,122.393,30.75,94.662,75.866,23.464,1854.676,0.645656
DSU-SYN-22,29,109.119,127.192,31.627,110.191,77.179,21.639,1995.211,0.689974
DSU-SYN-22,30,113.863,120.236,34.221,102.312,72.694,16.876,1754.232,0.731059
DSU-SYN-22,31,120.121,123.316,32.146,89.538,75.318,18.659,1895.959,0.768525
DSU-SYN-22,32,118.339,128.148,38.39,100.307,89.273,17.921,1835.874,0.802184
DSU-SYN-22,33,116.525,117.779,32.899,96.401,71.451,24.461,1924.441,0.832018
DSU-SYN-22,34,110.569,130.729,31.169,108.199,79.299,18.879,1994.047,0.858149
DSU-SYN-22,35,122.131,130.489,32.877,105.328,88.626,20.827,1966.718,0.880797
DSU-SYN-22,36,112.289,129.992,33.302,100.103,92.208,16.838,2097.622,0.90025
DSU-SYN-22,37,119.702,128.882,32.29,92.947,84.035,21.314,2034.849,0.916827
DSU-SYN-22,38,119.076,116.585,29.492,115.57,78.599,24.104,1926.337,0.930862
DSU-SYN-22,39,119.366,130.886,31.354,113.071,85.844,21.738,1976.535,0.942676
DSU-SYN-22,40,123.75,135.832,33.125,114.114,81.918,22.538,2032.475,0.952574
DSU-SYN-22,41,115.263,129.156,33.512,98.798,87.901,21.028,1995.634,0.960834
DSU-SYN-22,42,120.386,127.76,32.608,104.908,82.027,27.333,1904.123,0.967705
DSU-SYN-22,43,117.908,125.784,38.656,96.273,88.56,21.336,2027.838,0.973403
DSU-SYN-22,44,127.098,134.477,32.451,105.462,74.914,20.982,1950.321,0.978119
DSU-SYN-22,45,120.055,120.041,34.609,94.204,87.066,17.685,1947.594,0.982014
DSU-SYN-22,46,126.818,131.465,36.486,113.812,81.604,24.512,1905.447,0.985226
DSU-SYN-22,47,124.823,126.107,31.3,108.199,91.964,23.064,2023.866,0.987872
DSU-SYN-22,48,121.791,131.247,34.396,107.808,87.561,22.892,1895.574,0.990048
DSU-SYN-22,49,120.507,121.726,34.337,114.451,83.529,21.11,2062.97,0.991837
DSU-SYN-22,50,110.851,126.061,34.564,87.25,80.542,23.551,2080.667,0.993307
DSU-SYN-23,1,106.373,123.773,29.229,102.27,71.778,19.399,1584.462,0.008163
DSU-SYN-23,2,110.851,127.002,32.15,96.529,67.986,22.31,1667.338,0.009952
DSU-SYN-23,3,106.216,116.265,29.775,92.514,77.556,22.573,1744.091,0.012128
DSU-SYN-23,4,108.163,112.571,29.217,111.921,68.593,18.989,1729.658,0.014774
DSU-SYN-23,5,107.764,131.94,26.907,93.216,81.214,16.161,1617.901,0.017986
DSU-SYN-23,6,104.42,124.789,30.294,101.982,71.532,22.205,1914.651,0.021881
DSU-SYN-23,7,108.29,120.192,25.537,95.519,72.759,17.85,1633.133,0.026597
DSU-SYN-23,8,113.826,126.032,28.413,92.219,82.179,19.088,1515.113,0.032295
DSU-SYN-23,9,108.622,125.049,22.779,94.673,73.63,21.076,1601.926,0.039166
DSU-SYN-23,10,101.048,123.705,27.713,103.054,67.789,15.894,1693.376,0.047426
DSU-SYN-23,11,106.649,124.859,27.601,95.249,82.82,15.509,1731.078,0.057324
DSU-SYN-23,12,112.202,124.76,27.271,95.38,73.632,16.128,1579.702,0.069138
DSU-SYN-23,13,109.075,123.959,26.435,104.645,77.898,23.199,1691.07,0.083173
DSU-SYN-23,14,111.443,123.396,31.59,93.23,74.774,19.397,1639.142,0.09975
DSU-SYN-23,15,108.72,124.533,30.216,100.319,71.479,22.319,1686.521,0.119203
DSU-SYN-23,16,101.815,120.8,24.988,102.091,75.156,18.235,1779.756,0.141851
DSU-SYN-23,17,101.598,125.771,34.941,108.918,76.68,16.946,1581.329,0.167982
DSU-SYN-23,18,105.858,119.341,27.822,101.152,76.852,21.119,1598.978,0.197816
DSU-SYN-23,19,105.11,122.583,29.297,114.869,79.532,16.014,1724.994,0.231475
DSU-SYN-23,20,111.924,123.43,26.936,115.223,72.469,21.857,1720.965,0.268941
DSU-SYN-23,21,112.939,133.33,31.575,102.227,86.346,18.8,1730.736,0.310026
DSU-SYN-23,22,104.267,120.427,30.516,108.762,70.382,21.807,1675.222,0.354344
DSU-SYN-23,23,117.977,124.679,27.809,108.042,76.038,23.933,1746.71,0.401312
DSU-SYN-23,24,111.699,130.277,28.345,100.927,84.963,18.217,1684.328,0.450166
DSU-SYN-23,25,117.538,130.84,27.967,106.044,78.087,25.616,1839.7,0.5
DSU-SYN-23,26,112.147,131.993,27.955,106.819,85.135,22.515,1784.407,0.549834
DSU-SYN-23,27,116.371,130.383,31.176,110.153,82.925,22.17,1834.642,0.598688
DSU-SYN-23,28,116.968,124.944,29.318,115.356,95.252,22.168,1791.159,0.645656
DSU-SYN-23,29,117.896,125.951,35.305,115.057,83.292,21.556,1796.379,0.689974
DSU-SYN-23,30,124.072,131.363,32.622,118.284,83.686,22.63,1864.807,0.731059
DSU-SYN-23,31,110.418,134.312,32.303,116.446,89.093,22.951,1950.45,0.768525
DSU-SYN-23,32,112.896,131.944,34.249,119.292,92.309,29.328,1909.924,0.802184
DSU-SYN-23,33,124.986,132.656,30.246,115.177,94.421,23.587,1904.112,0.832018
DSU-SYN-23,34,118.73,132.793,32.407,121.984,95.717,20.164,1937.088,0.858149
DSU-SYN-23,35,116.955,137.414,32.487,127.531,88.617,23.221,1932.98,0.880797
DSU-SYN-23,36,116.189,135.055,32.396,115.481,88.876,25.636,1854.455,0.90025
DSU-SYN-23,37,123.69,137.291,29.651,122.044,83.365,24.496,1865.824,0.916827
DSU-SYN-23,38,121.152,129.499,33.519,124.799,87.285,21.467,1937.361,0.930862
DSU-SYN-23,39,123.721,124.012,38.309,122.669,96.544,22.676,1779.207,0.942676
DSU-SYN-23,40,124.875,133.536,34.679,118.402,93.989,21.139,1972.558,0.952574
DSU-SYN-23,41,115.708,147.738,38.954,129.693,100.379,22.899,1996.188,0.960834
DSU-SYN-23,42,121.292,128.866,37.151,126.821,92.675,20.077,1875.556,0.967705
DSU-SYN-23,43,112.77,141.462,29.413,121.894,87.915,19.597,1934.985,0.973403
DSU-SYN-23,44,120.292,141.012,30.275,115.733,78.746,17.723,2045.588,0.978119
DSU-SYN-23,45,132.449,137.355,31.404,118.572,98.391,21.914,1937.517,0.982014
DSU-SYN-23,46,122.025,134.105,32.163,122.193,87.352,24.343,1888.836,0.985226
DSU-SYN-23,47,122.773,143.917,33.071,126.01,82.514,22.048,1924.579,0.987872
DSU-SYN-23,48,131.792,127.236,33.262,129.28,88.6,22.701,1946.515,0.990048
DSU-SYN-23,49,123.13,144.897,34.633,128.545,91.186,21.39,1908.03,0.991837
DSU-SYN-23,50,116.439,139.512,32.554,116.58,96.367,20.388,1978.206,0.993307
DSU-SYN-24,1,94.053,129.484,22.951,100.71,69.503,31.552,1879.436,0.008163
DSU-SYN-24,2,88.159,128.765,23.723,101.695,72.602,27.766,1808.241,0.009952
DSU-SYN-24,3,99.792,122.244,26.294,95.936,74.645,30.767,1893.088,0.012128
DSU-SYN-24,4,94.693,124.97,26.948,96.739,71.744,29.836,1882.446,0.014774
DSU-SYN-24,5,105.238,129.874,24.18,98.421,64.41,29.301,1896.345,0.017986
DSU-SYN-24,6,100.944,127.682,21.227,103.082,68.167,27.282,1969.402,0.021881
DSU-SYN-24,7,104.092,125.339,25.795,101.929,77.169,31.59,1784.332,0.026597
DSU-SYN-24,8,106.928,129.451,22.778,91.272,71.937,29.098,1902.079,0.032295
DSU-SYN-24,9,100.719,121.414,21.295,99.915,65.845,30.188,1787.008,0.039166
DSU-SYN-24,10,95.89,127.97,25.64,93.052,62.201,29.896,1922.791,0.047426
DSU-SYN-24,11,99.355,122.013,24.919,107.014,70.639,25.816,1900.712,0.057324
DSU-SYN-24,12,107.762,118.349,24.306,96.902,70.22,30.434,1969.831,0.069138
DSU-SYN-24,13,98.218,131.425,24.006,96.468,65.91,25.464,1913.548,0.083173
DSU-SYN-24,14,108.363,127.628,26.099,96.455,68.791,32.538,2039.825,0.09975
DSU-SYN-24,15,105.883,129.714,24.565,100.62,66.125,26.538,1826.176,0.119203
DSU-SYN-24,16,99.1,124.635,20.915,99.636,69.188,27.322,1885.934,0.141851
DSU-SYN-24,17,97.716,123.482,27.033,89.017,59.707,30.372,1926.415,0.167982
DSU-SYN-24,18,101.879,124.407,22.568,101.047,69.569,34.366,1905.94,0.197816
DSU-SYN-24,19,100.198,140.085,24.54,105.168,76.769,32.459,1958.998,0.231475
DSU-SYN-24,20,102.107,128.884,23.771,104.609,85.813,33.814,1971.248,0.268941
DSU-SYN-24,21,106.157,124.776,24.761,109.247,83.385,29.033,1928.448,0.310026
DSU-SYN-24,22,113.582,130.401,30.188,105.776,76.826,30.382,2041.573,0.354344
DSU-SYN-24,23,110.31,125.59,24.978,111.058,75.511,30.11,2060.353,0.401312
DSU-SYN-24,24,109.918,129.396,26.63,99.392,71.892,31.859,2006.539,0.450166
DSU-SYN-24,25,100.463,128.962,23.68,110.469,66.456,29.229,1888.885,0.5
DSU-SYN-24,26,108.289,124.425,26.667,118.672,89.299,27.452,2055.13,0.549834
DSU-SYN-24,27,102.129,128.352,26.543,117.28,83.834,30.385,2098.25,0.598688
DSU-SYN-24,28,96.701,131.399,24.997,111.413,79.958,32.016,2050.758,0.645656
DSU-SYN-24,29,108.829,138.662,27.647,110.212,84.472,34.621,2037.362,0.689974
DSU-SYN-24,30,109.159,142.51,24.718,123.65,74.848,31.865,2022.095,0.731059
DSU-SYN-24,31,121.07,134.858,26.407,111.422,84.206,32.065,2090.547,0.768525
DSU-SYN-24,32,93.091,138.267,27.868,120.618,92.16,32.558,2167.082,0.802184
DSU-SYN-24,33,105.766,142.355,26.539,107.935,83.789,36.654,2131.567,0.832018
DSU-SYN-24,34,119.226,135.245,30.718,111.705,86.777,33.804,2173.04,0.858149
DSU-SYN-24,35,113.405,135.7,30.41,126.506,82.375,28.769,2168.483,0.880797
DSU-SYN-24,36,110.846,139.091,29.695,113.806,84.654,33.189,2242.249,0.90025
DSU-SYN-24,37,112.951,133.866,25.396,117.744,79.822,29.603,2188.827,0.916827
DSU-SYN-24,38,116.475,138.456,29.188,118.347,90.494,35.079,1966.144,0.930862
DSU-SYN-24,39,112.063,143.099,27.486,117.695,91.62,33.819,2257.648,0.942676
DSU-SYN-24,40,119.079,140.095,28.066,100.594,85.354,30.276,2170.549,0.952574
DSU-SYN-24,41,114.357,144.316,32.093,117.72,101.161,34.274,2065.826,0.960834
DSU-SYN-24,42,110.906,139.097,30.115,112.345,85.828,33.32,2128.234,0.967705
DSU-SYN-24,43,117.876,144.269,31.579,116.168,94.945,30.336,2064.125,0.973403
DSU-SYN-24,44,107.834,141.194,31.692,114.645,84.964,33.226,2202.825,0.978119
DSU-SYN-24,45,111.585,138.551,25.341,114.913,94.967,34.01,2112.105,0.982014
DSU-SYN-24,46,120.212,138.35,32.271,126.835,88.303,30.049,2325.124,0.985226
DSU-SYN-24,47,116.015,139.704,31.124,122.686,95.885,32.151,2187.946,0.987872
DSU-SYN-24,48,108.189,144.694,28.687,120.206,87.185,33.189,2105.529,0.990048
DSU-SYN-24,49,118.103,148.843,27.361,121.881,90.692,33.844,2059.981,0.991837
DSU-SYN-24,50,107.669,137.516,23.413,127.04,90.334,33.755,2013.967,0.993307
DSU-SYN-25,1,94.148,97.646,29.692,87.233,79.431,17.706,1576.287,0.008163
DSU-SYN-25,2,109.373,95.96,23.05,99.972,74.558,21.642,1524.989,0.009952
DSU-SYN-25,3,110.372,99.097,25.872,92.302,71.295,18.919,1542.628,0.012128
DSU-SYN-25,4,108.184,96.761,21.057,81.493,64.02,20.479,1493.798,0.014774
DSU-SYN-25,5,104.945,98.517,24.652,94.271,75.395,12.173,1552.713,0.017986
DSU-SYN-25,6,105.64,106.106,29.049,83.547,72.424,15.049,1682.928,0.021881
DSU-SYN-25,7,108.663,99.743,25.272,100.114,81.885,21.879,1609.918,0.026597
DSU-SYN-25,8,101.956,101.928,26.924,90.812,72.624,21.841,1696.148,0.032295
DSU-SYN-25,9,100.078,96.899,25.795,95.026,71.734,23.745,1611.268,0.039166
DSU-SYN-25,10,106.631,107.159,23.836,91.758,67.514,18.64,1479.974,0.047426
DSU-SYN-25,11,107.891,100.643,24.314,91.904,79.8,16.273,1601.46,0.057324
DSU-SYN-25,12,107.862,89.844,26.777,82.722,74.762,16.254,1690.9,0.069138
DSU-SYN-25,13,98.832,90.757,25.467,90.593,66.721,20.536,1455.518,0.083173
DSU-SYN-25,14,99.735,96.43,27.22,101.212,82.697,18.908,1429.985,0.09975
DSU-SYN-25,15,107.22,107.009,28.395,96.645,69.332,18.059,1741.099,0.119203
DSU-SYN-25,16,98.59,94.325,27.778,91.779,69.832,23.288,1644.8,0.141851
DSU-SYN-25,17,104.235,94.806,30.668,94.794,85.829,21.812,1583.903,0.167982
DSU-SYN-25,18,104.116,108.303,29.352,84.335,81.34,19.4,1556.983,0.197816
DSU-SYN-25,19,108.596,94.929,24.694,91.547,75.716,19.665,1568.324,0.231475
DSU-SYN-25,20,115.827,104.818,30.53,96.201,76.171,24.398,1610.189,0.268941
DSU-SYN-25,21,107.809,106.692,23.151,102.333,83.786,23.347,1725.282,0.310026
DSU-SYN-25,22,115.998,103.337,24.306,111.7,72.012,16.794,1715.833,0.354344
DSU-SYN-25,23,118.469,105.682,29.191,88.099,79.114,15.873,1744.994,0.401312
DSU-SYN-25,24,103.487,99.225,28.217,107.52,82.135,22.188,1742.666,0.450166
DSU-SYN-25,25,111.043,101.037,28.588,105.924,89.449,21.752,1638.176,0.5
DSU-SYN-25,26,116.469,107.401,26.213,101.574,80.94,23.403,1635.653,0.549834
DSU-SYN-25,27,108.929,106.643,31.694,110.742,76.214,24.765,1844.037,0.598688
DSU-SYN-25,28,108.872,96.525,27.709,112.184,96.546,19.407,1886.307,0.645656
DSU-SYN-25,29,104.4,108.09,27.064,113.338,95.675,24.155,1682.425,0.689974
DSU-SYN-25,30,120.592,113.215,24.13,94.926,94.934,21.492,1699.326,0.731059
DSU-SYN-25,31,115.913,113.165,28.285,98.841,100.769,24.61,1777.052,0.768525
DSU-SYN-25,32,116.084,113.748,25.833,110.829,82.144,22.065,1728.826,0.802184
DSU-SYN-25,33,112.506,120.716,28.951,110.794,78.657,20.874,1851.862,0.832018
DSU-SYN-25,34,119.538,102.187,29.449,112.324,98.951,20.838,1670.471,0.858149
DSU-SYN-25,35,113.991,107.88,30.884,94.322,89.011,26.136,1834.715,0.880797
DSU-SYN-25,36,123.806,105.506,25.132,119.674,92.697,22.911,1761.775,0.90025
DSU-SYN-25,37,120.127,108.284,32.186,127.782,95.325,21.135,1667.663,0.916827
DSU-SYN-25,38,111.454,122.041,26.714,109.499,96.634,26.487,1835.259,0.930862
DSU-SYN-25,39,118.065,114.837,27.776,108.541,95.41,23.294,2001.986,0.942676
DSU-SYN-25,40,122.461,120.413,26.715,115.353,88.799,23.861,1903.939,0.952574
DSU-SYN-25,41,120.665,126.842,33.004,119.447,97.888,27.316,1757.634,0.960834
DSU-SYN-25,42,127.39,109.973,28.057,115.903,100.839,20.052,1824.404,0.967705
DSU-SYN-25,43,121.129,114.1,31.631,133.275,96.069,21.122,1771.237,0.973403
DSU-SYN-25,44,119.1,110.416,30.688,115.476,90.869,27.942,1811.926,0.978119
DSU-SYN-25,45,120.199,118.383,31.768,120.515,96.296,25.624,1818.018,0.982014
DSU-SYN-25,46,125.445,119.769,33.336,102.909,88.347,25.068,1679.944,0.985226
DSU-SYN-25,47,123.362,120.592,28.126,110.397,87.398,21.717,1831.853,0.987872
DSU-SYN-25,48,117.527,111.643,28.9,111.327,105.131,22.045,1891.076,0.990048
DSU-SYN-25,49,118.089,112.416,25.325,103.637,86.68,23.497,1942.855,0.991837
DSU-SYN-25,50,112.067,112.645,26.176,111.512,100.406,21.927,1864.637,0.993307
DSU-SYN-26,1,114.494,119.386,26.94,84.472,78.914,32.615,1878.011,0.008163
DSU-SYN-26,2,100.414,118.004,28.555,86.826,88.903,32.765,1821.251,0.009952
DSU-SYN-26,3,111.956,112.802,25.558,64.434,83.537,29.527,1870.97,0.012128
DSU-SYN-26,4,97.481,113.979,30.048,77.485,86.467,30.2,1841.624,0.014774
DSU-SYN-26,5,110.371,122.037,29.119,78.851,81.327,33.198,1773.397,0.017986
DSU-SYN-26,6,106.575,115.414,28.649,77.765,73.042,32.924,1913.542,0.021881
DSU-SYN-26,7,98.589,119.272,31.638,87.5,81.748,29.283,1853.136,0.026597
DSU-SYN-26,8,108.891,118.009,28.508,77.554,86.898,32.843,1863.235,0.032295
DSU-SYN-26,9,108.331,126.05,27.431,91.889,80.095,34.467,1937.574,0.039166
DSU-SYN-26,10,106.459,126.108,30.205,79.119,82.419,34.561,1918.331,0.047426
DSU-SYN-26,11,102.813,117.285,29.59,81.555,99.009,32.355,1852.359,0.057324
DSU-SYN-26,12,114.27,116.368,31.657,74.854,82.377,34.443,1970.144,0.069138
DSU-SYN-26,13,104.702,113.997,30.626,81.431,83.768,34.07,1826.354,0.083173
DSU-SYN-26,14,99.039,112.239,29.314,74.353,83.928,28.469,1984.21,0.09975
DSU-SYN-26,15,120.042,113.804,30.026,80.199,84.244,36.539,1842.582,0.119203
DSU-SYN-26,16,108.194,114.79,32.361,66.88,83.896,32.011,1835.769,0.141851
DSU-SYN-26,17,114.412,125.983,26.093,99.596,78.536,35.457,1900.371,0.167982
DSU-SYN-26,18,108.113,118.463,29.685,88.942,82.151,31.776,1844.887,0.197816
DSU-SYN-26,19,105.162,117.029,27.059,85.911,90.94,32.804,2047.136,0.231475
DSU-SYN-26,20,100.86,124.137,30.134,94.15,93.393,32.247,1932.257,0.268941
DSU-SYN-26,21,108.931,125.598,25.622,94.821,89.777,31.614,1916.219,0.310026
DSU-SYN-26,22,112.653,129.814,38.62,98.454,87.411,34.593,1992.925,0.354344
DSU-SYN-26,23,109.669,117.869,30.608,97.014,82.071,31.413,1999.968,0.401312
DSU-SYN-26,24,115.383,132.133,27.477,107.356,83.491,28.348,1970.415,0.450166
DSU-SYN-26,25,110.399,125.755,31.066,93.164,88.661,34.712,1967.275,0.5
DSU-SYN-26,26,122.486,125.944,29.083,85.309,93.68,30.666,1909.942,0.549834
DSU-SYN-26,27,120.485,118.837,35.264,97.468,95.426,31.458,2072.601,0.598688
DSU-SYN-26,28,118.678,125.14,32.463,87.447,86.817,31.441,2057.653,0.645656
DSU-SYN-26,29,119.474,134.614,29.881,101.967,96.832,32.07,2073.453,0.689974
DSU-SYN-26,30,119.9,126.963,32.487,98.645,97.415,33.569,1967.46,0.731059
DSU-SYN-26,31,121.278,126.769,30.015,98.802,103.49,35.222,2032.866,0.768525
DSU-SYN-26,32,118.654,134.567,26.739,105.771,88.515,31.361,2044.145,0.802184
DSU-SYN-26,33,132.898,140.313,34.643,103.783,89.182,35.416,2050.649,0.832018
DSU-SYN-26,34,118.434,133.17,31.827,107.434,89.263,35.322,2035.397,0.858149
DSU-SYN-26,35,120.877,134.327,30.323,103.702,100.058,33.578,2070.788,0.880797
DSU-SYN-26,36,122.503,129.314,33.229,101.475,98.053,39.286,2138.63,0.90025
DSU-SYN-26,37,121.66,134.181,30.725,100.889,100.132,32.264,2141.652,0.916827
DSU-SYN-26,38,121.298,131.927,31.939,121.573,98.357,30.268,2006.752,0.930862
DSU-SYN-26,39,127.836,140.6,31.715,111.752,107.019,35.016,2104.06,0.942676
DSU-SYN-26,40,125.122,138.483,34.461,100.235,101.722,40.484,2142.846,0.952574
DSU-SYN-26,41,128.713,136.944,34.191,105.13,108.317,37.362,2146.212,0.960834
DSU-SYN-26,42,121.021,136.296,33.374,102.779,119.142,31.747,2196.896,0.967705
DSU-SYN-26,43,120.279,135.126,39.991,98.98,98.841,35.575,2072.205,0.973403
DSU-SYN-26,44,129.097,131.883,35.228,96.883,92.437,35.066,2023.129,0.978119
DSU-SYN-26,45,132.339,126.976,31.018,107.425,99.838,31.858,2276.89,0.982014
DSU-SYN-26,46,119.797,133.702,33.105,109.276,106.194,33.601,2112.249,0.985226
DSU-SYN-26,47,123.718,138.476,30.72,117.181,98.918,35.657,2054.651,0.987872
DSU-SYN-26,48,118.401,130.398,31.225,102.635,97.643,37.427,2081.694,0.990048
DSU-SYN-26,49,120.455,132.837,36.142,106.449,102.954,32.113,2057.05,0.991837
DSU-SYN-26,50,118.559,141.363,34.994,100.022,100.196,33.639,2075.471,0.993307
DSU-SYN-27,1,102.517,109.985,35.387,114.182,90.402,20.59,1526.594,0.008163
DSU-SYN-27,2,103.237,109.71,34.268,109.145,84.155,19.237,1678.536,0.009952
DSU-SYN-27,3,93.118,120.685,29.738,98.331,78.111,14.802,1603.126,0.012128
DSU-SYN-27,4,95.143,112.385,33.052,102.794,81.069,15.681,1530.979,0.014774
DSU-SYN-27,5,113.263,115.489,29.57,103.226,82.486,19.278,1529.792,0.017986
DSU-SYN-27,6,103.113,106.902,27.855,109.203,75.808,20.792,1559.296,0.021881
DSU-SYN-27,7,91.408,112.302,26.061,111.246,81.422,23.617,1636.702,0.026597
DSU-SYN-27,8,95.347,101.753,28.414,99.884,93.982,18.988,1628.759,0.032295
DSU-SYN-27,9,99.349,111.082,30.254,114.001,85.035,16.399,1679.057,0.039166
DSU-SYN-27,10,99.458,109.852,23.302,111.35,83.937,19.327,1539.761,0.047426
DSU-SYN-27,11,98.225,110.459,31.583,111.596,82.142,21.491,1565.4,0.057324
DSU-SYN-27,12,98.792,113.512,27.084,109.418,74.512,16.599,1433.164,0.069138
DSU-SYN-27,13,100.69,120.821,30.259,112.192,98.159,20.237,1525.118,0.083173
DSU-SYN-27,14,98.727,113.074,29.05,105.347,90.289,21.862,1468.374,0.09975
DSU-SYN-27,15,98.124,111.101,32.226,115.982,100.978,18.214,1560.391,0.119203
DSU-SYN-27,16,105.565,110.418,30.486,107.131,69.489,19.782,1583.521,0.141851
DSU-SYN-27,17,109.449,114.327,27.83,108.648,73.195,16.556,1648.611,0.167982
DSU-SYN-27,18,102.393,119.449,26.196,109.398,83.485,22.098,1660.17,0.197816
DSU-SYN-27,19,107.447,123.149,30.358,119.604,80.746,17.148,1675.866,0.231475
DSU-SYN-27,20,97.386,118.98,31.715,118.848,87.404,20.147,1670.062,0.268941
DSU-SYN-27,21,102.336,113.325,32.849,113.145,86.139,19.973,1758.358,0.310026
DSU-SYN-27,22,104.232,115.294,27.611,114.042,93.41,22.456,1667.61,0.354344
DSU-SYN-27,23,112.072,122.155,34.893,121.235,99.828,20.139,1581.231,0.401312
DSU-SYN-27,24,111.49,123.281,36.275,124.092,103.058,22.318,1704.798,0.450166
DSU-SYN-27,25,102.144,121.816,31.213,118.77,92.709,22.157,1696.918,0.5
DSU-SYN-27,26,114.641,107.557,33.313,125.812,104.599,23.017,1836.623,0.549834
DSU-SYN-27,27,111.69,122.066,34.401,119.653,89.662,20.104,1655.487,0.598688
DSU-SYN-27,28,114.333,122.954,32.407,117.305,98.326,23.541,1668.292,0.645656
DSU-SYN-27,29,106.05,128.468,30.087,124.965,105.883,25.824,1812.375,0.689974
DSU-SYN-27,30,116.772,135.694,27.89,119.798,102.094,21.105,1859.833,0.731059
DSU-SYN-27,31,113.706,125.768,33.223,120.273,94.47,22.783,1730.069,0.768525
DSU-SYN-27,32,119.274,128.981,36.823,117.375,88.229,22.236,1997.303,0.802184
DSU-SYN-27,33,121.376,123.48,35.282,129.171,90.812,25.796,1791.617,0.832018
DSU-SYN-27,34,115.062,126.841,37.21,120.849,89.303,23.289,1668.12,0.858149
DSU-SYN-27,35,114.418,133.064,35.907,132.132,103.72,28.603,1776.794,0.880797
DSU-SYN-27,36,118.264,125.289,36.947,125.937,110.7,21.332,1922.305,0.90025
DSU-SYN-27,37,119.537,127.616,35.992,128.238,102.854,22.211,1779.668,0.916827
DSU-SYN-27,38,115.149,119.615,36.81,119.569,99.693,24.407,1891.748,0.930862
DSU-SYN-27,39,108.164,127.784,35.912,127.552,109.3,20.782,1693.101,0.942676
DSU-SYN-27,40,121.267,125.736,30.415,126.506,108.817,19.72,2003.023,0.952574
DSU-SYN-27,41,113.174,129.006,31.804,127.889,100.796,19.189,2039.79,0.960834
DSU-SYN-27,42,115.011,126.222,37.308,138.676,108.495,19.939,1859.016,0.967705
DSU-SYN-27,43,108.183,133.305,30.825,123.096,101.831,24.078,1827.487,0.973403
DSU-SYN-27,44,125.27,132.498,36.548,120.643,112.141,20.978,1968.795,0.978119
DSU-SYN-27,45,127.856,131.515,37.536,109.607,100.852,25.758,1913.051,0.982014
DSU-SYN-27,46,111.704,127.541,28.63,130.654,90.787,25.842,1932.09,0.985226
DSU-SYN-27,47,115.479,131.664,34.442,129.685,95.256,24.583,1735.21,0.987872
DSU-SYN-27,48,108.74,128.487,34.467,129.915,98.286,27.75,1861.988,0.990048
DSU-SYN-27,49,119.086,130.115,37.511,131.777,104.871,24.883,1723.56,0.991837
DSU-SYN-27,50,109.014,128.775,34.517,131.832,102.368,24.504,1764.532,0.993307
DSU-SYN-28,1,124.904,112.126,28.11,68.545,101.252,15.827,1614.551,0.008163
DSU-SYN-28,2,129.465,120,23.037,75.82,90.19,15.27,1650.171,0.009952
DSU-SYN-28,3,127.831,121.105,28.668,79.831,97.601,16.833,1611.782,0.012128
DSU-SYN-28,4,118.47,114.724,27.397,79.254,117.683,16.162,1634.624,0.014774
DSU-SYN-28,5,118.016,117.069,26.323,85.1,96.661,19.062,1614.223,0.017986
DSU-SYN-28,6,118.2,115.817,26.255,80.56,102.79,18.97,1627.861,0.021881
DSU-SYN-28,7,116.686,121.861,25.493,84.703,107.429,19.107,1575.296,0.026597
DSU-SYN-28,8,125.309,121.009,26.472,76.962,103.026,20.844,1624.398,0.032295
DSU-SYN-28,9,117.246,121.671,25.376,81.783,100.689,14.907,1656.375,0.039166
DSU-SYN-28,10,128.237,122.723,27.628,68.816,107.61,20.692,1568.945,0.047426
DSU-SYN-28,11,121.904,120.872,29.083,77.969,105.098,15.224,1583.174,0.057324
DSU-SYN-28,12,115.734,115.441,31.211,93.503,101.789,18.159,1644.176,0.069138
DSU-SYN-28,13,128.675,112.366,26.079,90.075,94.388,17.942,1664.825,0.083173
DSU-SYN-28,14,128.022,117.354,27.784,85.478,112.762,19.568,1665.983,0.09975
DSU-SYN-28,15,134.594,118.084,24.376,83.759,107.84,20.868,1667.919,0.119203
DSU-SYN-28,16,120.122,120.945,30.88,75.351,100.367,19.092,1632.665,0.141851
DSU-SYN-28,17,129.074,123.924,29.008,77.47,92.483,20.826,1653.929,0.167982
DSU-SYN-28,18,137.563,131.667,33.048,78.347,106.371,22.473,1751.379,0.197816
DSU-SYN-28,19,127.206,129.246,28.238,85.496,94.401,22.049,1690.163,0.231475
DSU-SYN-28,20,131.976,124.701,28.873,85.278,109.097,20.097,1617.768,0.268941
DSU-SYN-28,21,133.236,120.219,25.311,80.322,106.899,20.526,1582.669,0.310026
DSU-SYN-28,22,129.271,130.908,27.71,86.438,112.344,22.942,1816.775,0.354344
DSU-SYN-28,23,118.172,134.575,30.66,103.233,102.331,16.742,1759.848,0.401312
DSU-SYN-28,24,131.537,130.055,31.996,89.015,106.558,22.662,1756.056,0.450166
DSU-SYN-28,25,132.111,132.87,32.702,97.139,107.989,16.215,1778.575,0.5
DSU-SYN-28,26,130.918,127.932,28.119,91.607,103.76,18.572,1889.488,0.549834
DSU-SYN-28,27,130.739,129.462,32.422,98.292,115.742,22.736,1869.236,0.598688
DSU-SYN-28,28,143.298,132.431,25.673,90.669,116.09,20.609,1946.053,0.645656
DSU-SYN-28,29,136.915,131.53,33.295,93.718,113.856,24.61,1742.883,0.689974
DSU-SYN-28,30,136.544,135.989,30.849,104.523,104.164,18.31,1912.145,0.731059
DSU-SYN-28,31,142.974,131.551,31.869,101.014,109.486,20.925,1882.787,0.768525
DSU-SYN-28,32,143.771,127.294,30.538,95.818,117.55,22.812,1841.392,0.802184
DSU-SYN-28,33,146.03,130.964,30.449,88.391,111.357,24.249,1910.997,0.832018
DSU-SYN-28,34,143.255,136.886,36.527,94.028,106.445,20.443,1847.138,0.858149
DSU-SYN-28,35,135.794,135.007,34.55,108.251,119.641,28.517,1878.242,0.880797
DSU-SYN-28,36,132.853,140.154,26.917,94.911,120.124,22.99,1895.657,0.90025
DSU-SYN-28,37,135.41,135.133,34.104,99.925,112.354,20.197,1857.326,0.916827
DSU-SYN-28,38,143.528,137.158,29.662,86.85,120.136,21.13,1966.442,0.930862
DSU-SYN-28,39,137.999,130.713,32.104,114.52,122.346,23.765,1946.871,0.942676
DSU-SYN-28,40,133.202,130.219,25.493,110.971,127.215,24.448,1934.179,0.952574
DSU-SYN-28,41,134.348,134.883,36.291,101.562,114.828,19.105,2023.821,0.960834
DSU-SYN-28,42,141.879,127.319,29.533,93.26,117.562,24.047,1894.035,0.967705
DSU-SYN-28,43,146.218,136.599,34.528,98.907,136.739,22.142,1867.737,0.973403
DSU-SYN-28,44,137.286,135.235,27.596,102.921,107.129,23.977,1837.797,0.978119
DSU-SYN-28,45,140.581,139.383,37.674,94.772,117.737,21.78,1872.662,0.982014
DSU-SYN-28,46,138.97,140.538,30.71,114.806,121.199,21.078,1908.848,0.985226
DSU-SYN-28,47,138.584,140.466,27.846,93.323,115.207,25.321,2021.625,0.987872
DSU-SYN-28,48,149.535,139.154,31.746,106.184,111.933,19.011,1966.528,0.990048
DSU-SYN-28,49,137.636,136.211,32.261,102.945,124.462,25.711,1950.15,0.991837
DSU-SYN-28,50,140.481,137.102,30.479,100.31,134.574,24.092,1968.458,0.993307
DSU-SYN-29,1,109.339,98.512,29.915,87.495,85.841,34.657,1907.772,0.008163
DSU-SYN-29,2,114.315,92.871,30.26,77.506,80.28,31.946,1697.396,0.009952
DSU-SYN-29,3,117.076,88.668,26.855,81.699,84.867,31.229,1815.228,0.012128
DSU-SYN-29,4,112.688,91.296,26.114,89.526,72.058,31.585,1787.915,0.014774
DSU-SYN-29,5,115.138,86.317,26.813,82.493,91.169,32.943,1738.857,0.017986
DSU-SYN-29,6,110.676,98.089,25.08,82.721,84.771,31.165,2011.572,0.021881
DSU-SYN-29,7,111.135,95.992,26.189,86.463,90.145,30.679,1820.455,0.026597
DSU-SYN-29,8,108.825,88.124,30.725,80.098,70.553,36.586,1769.847,0.032295
DSU-SYN-29,9,112.193,102.174,27.812,82.593,77.803,28.115,1816.408,0.039166
DSU-SYN-29,10,115.388,95.646,27.004,83.877,74.314,33.387,1841.831,0.047426
DSU-SYN-29,11,123.62,94.334,25.899,83.669,83.568,33.365,1835.385,0.057324
DSU-SYN-29,12,107.665,86.331,28.97,92.532,86.247,34.361,1907.943,0.069138
DSU-SYN-29,13,115.551,90.689,28.87,91.784,89.231,34.257,1808.879,0.083173
DSU-SYN-29,14,113.504,94.467,28.335,91.914,72.3,32.533,1840.666,0.09975
DSU-SYN-29,15,108.008,98.769,26.747,83.192,97.865,35.063,1892.28,0.119203
DSU-SYN-29,16,117.177,94.995,33.668,90.646,82.728,29.133,1898.539,0.141851
DSU-SYN-29,17,115.464,89.144,29.869,84.793,90.932,33.847,1824.121,0.167982
DSU-SYN-29,18,119.445,94.336,27.861,83.87,95.131,32.167,1971.721,0.197816
DSU-SYN-29,19,125.804,93.738,21.806,94.071,86.966,30.844,1844.538,0.231475
DSU-SYN-29,20,115.487,104.592,29.692,96.33,92.733,32.394,1869.663,0.268941
DSU-SYN-29,21,121.108,102.947,31.985,87.963,91.64,34.8,1882.435,0.310026
DSU-SYN-29,22,113.423,95.612,29.108,94.481,99.029,30.136,1880.794,0.354344
DSU-SYN-29,23,118.154,104.462,28.621,88.962,83.943,34.931,1925.401,0.401312
DSU-SYN-29,24,117.553,100.07,32.998,86.586,88.342,37.059,1956.659,0.450166
DSU-SYN-29,25,125.069,104.273,30.336,91.622,99.378,37.043,2042.198,0.5
DSU-SYN-29,26,116.69,109.686,29.774,90.278,94.369,36.425,2019.088,0.549834
DSU-SYN-29,27,122.219,108.229,31.258,92.445,92.114,35.577,1990.135,0.598688
DSU-SYN-29,28,117.464,109.122,29.937,106.469,88.884,34.297,1961.004,0.645656
DSU-SYN-29,29,120.262,103.25,35.782,98.751,93.438,30.364,1902.802,0.689974
DSU-SYN-29,30,123.197,103.255,30.996,85.162,98.46,37.677,2149.222,0.731059
DSU-SYN-29,31,117.081,103.091,29.605,100.494,92.44,39.471,2049.909,0.768525
DSU-SYN-29,32,126.544,115.668,31.865,102.762,95.927,31.98,2014.235,0.802184
DSU-SYN-29,33,138.631,111.406,32.738,95.158,106.496,32.138,1956.217,0.832018
DSU-SYN-29,34,125.372,118.484,36.924,98.884,97.506,31.541,2079.212,0.858149
DSU-SYN-29,35,129.384,113.067,34.567,100.905,105.341,33.985,2118.137,0.880797
DSU-SYN-29,36,126.388,111.767,33.332,102.93,107.161,31.892,2011.836,0.90025
DSU-SYN-29,37,127.873,102.551,31.45,100.634,110.583,36.244,2163.414,0.916827
DSU-SYN-29,38,130.984,107.342,32.87,107.567,110.166,35.616,1980.238,0.930862
DSU-SYN-29,39,121.099,108.601,26.749,114.221,106.824,34.407,2021.433,0.942676
DSU-SYN-29,40,135.007,104.843,30.096,99.073,104.124,37.59,2185.565,0.952574
DSU-SYN-29,41,135.24,110.564,35.234,99.824,92.68,34.395,2048.117,0.960834
DSU-SYN-29,42,126.979,105.887,31.563,107.721,114.034,31.788,2016.475,0.967705
DSU-SYN-29,43,126.284,114.615,32.232,99.782,108.157,38.517,2107.013,0.973403
DSU-SYN-29,44,126.245,112.222,32.184,102.784,100.876,38.458,2127.233,0.978119
DSU-SYN-29,45,135.575,117.623,33.934,101.277,110.271,37.326,2293.145,0.982014
DSU-SYN-29,46,132.005,114.487,33.528,103.792,102.54,36.911,2148.355,0.985226
DSU-SYN-29,47,136.274,112.591,31.658,102.484,96.208,40.34,2074.785,0.987872
DSU-SYN-29,48,135.378,112.468,33.585,103.788,99.463,33.774,2234.312,0.990048
DSU-SYN-29,49,131.143,116.744,36.297,102.067,106.766,36.316,2032.852,0.991837
DSU-SYN-29,50,129.672,114.082,31.594,102.615,103.214,41.488,1985.914,0.993307
DSU-SYN-30,1,115.382,72.278,26.195,71.707,68.323,22.455,1755.328,0.008163
DSU-SYN-30,2,118.37,79.921,29.846,70.137,67.321,21.899,1685.749,0.009952
DSU-SYN-30,3,105.098,63.502,27.99,75.25,57.307,23.275,1754.152,0.012128
DSU-SYN-30,4,119.74,75.517,25.163,76.269,68.472,19.302,1643.343,0.014774
DSU-SYN-30,5,113.552,68.717,30.647,71.147,74.863,15.374,1754.689,0.017986
DSU-SYN-30,6,120.268,69.34,27.466,71.258,60.49,21.313,1655.743,0.021881
DSU-SYN-30,7,112.651,76.457,27.349,67.779,70.868,22.547,1674.954,0.026597
DSU-SYN-30,8,106.838,69.22,29.278,75.559,69.542,19.93,1684.815,0.032295
DSU-SYN-30,9,118.026,71.336,28.415,64.757,61.52,23.297,1701.468,0.039166
DSU-SYN-30,10,117.653,62.597,26.59,73.21,75.559,17.886,1801.055,0.047426
DSU-SYN-30,11,119.044,70.822,27.103,75.306,56.413,19.712,1846.383,0.057324
DSU-SYN-30,12,116.585,73.859,28.378,78.201,70.173,19.509,1868.03,0.069138
DSU-SYN-30,13,120.806,78.281,26.057,68.903,63.859,21.11,1641.015,0.083173
DSU-SYN-30,14,116.996,81.631,29.686,71.333,61.384,21.778,1759.052,0.09975
DSU-SYN-30,15,117.088,78.552,31.07,69.024,67.869,20.201,1768.714,0.119203
DSU-SYN-30,16,119.603,80.817,31.948,78.869,66.332,20.573,1660.98,0.141851
DSU-SYN-30,17,122.45,74.812,29.844,80.964,60.043,19.006,1898.544,0.167982
DSU-SYN-30,18,117.74,74.056,28.41,84.064,73.718,17.775,1913.602,0.197816
DSU-SYN-30,19,121.725,76.802,25.911,84.611,71.643,17.937,1793.055,0.231475
DSU-SYN-30,20,133.199,78.321,27.219,73.061,80.167,23.858,1919.061,0.268941
DSU-SYN-30,21,119.549,85.248,27.155,80.991,72.078,25.367,1855.184,0.310026
DSU-SYN-30,22,115.978,80.096,25.302,67.065,76.23,21.161,1827.862,0.354344
DSU-SYN-30,23,124.106,87.607,31.059,93.592,75.198,23.05,1877.079,0.401312
DSU-SYN-30,24,114.403,86.281,23.849,79.581,73.296,20.526,1843.285,0.450166
DSU-SYN-30,25,130.924,87.918,28.492,81.377,66.493,24.472,1872.376,0.5
DSU-SYN-30,26,112.792,83.799,31.548,91.07,74.712,21.987,2043.847,0.549834
DSU-SYN-30,27,123.537,87.772,29.341,90.505,67.395,21.969,1834.885,0.598688
DSU-SYN-30,28,121.324,91.272,29.389,91.709,86.172,23.252,2003.118,0.645656
DSU-SYN-30,29,127.802,86.4,33.013,99.414,74.131,21.109,1875.596,0.689974
DSU-SYN-30,30,130.858,92.204,29.996,76.462,74.728,25.049,1954.505,0.731059
DSU-SYN-30,31,127.462,84.615,34.057,92.161,83.045,24.235,2007.121,0.768525
DSU-SYN-30,32,129.459,83.197,32.62,95.592,87.13,25.019,1912.945,0.802184
DSU-SYN-30,33,123.647,86.199,32.307,90.766,74.053,21.279,1842.567,0.832018
DSU-SYN-30,34,112.577,88.186,37.762,102.855,75.449,24.588,1894.782,0.858149
DSU-SYN-30,35,122.021,83.265,31.509,91.478,83.288,25.967,1980.515,0.880797
DSU-SYN-30,36,129.113,84.133,28.806,84.006,86.056,23.546,1878.954,0.90025
DSU-SYN-30,37,128.915,83.657,36.4,89.892,86.581,27.182,1948.061,0.916827
DSU-SYN-30,38,129.863,92.921,32.606,95.84,74.795,25.904,1985.085,0.930862
DSU-SYN-30,39,131.443,94.966,34.048,96.026,86.862,26.29,2127.346,0.942676
DSU-SYN-30,40,129.703,91.364,34.754,91.209,75.195,25.843,2011.208,0.952574
DSU-SYN-30,41,123.985,93.196,36.042,84.555,89.506,18.302,2000.088,0.960834
DSU-SYN-30,42,139.349,89.175,32.723,99.061,73.211,24.854,2034.664,0.967705
DSU-SYN-30,43,139.56,84.74,31.572,89.04,77.417,27.516,2033.744,0.973403
DSU-SYN-30,44,127.556,88.415,31.141,91.871,76.131,24.071,2008.149,0.978119
DSU-SYN-30,45,126.615,91.849,33.168,91.459,82.931,30.13,2182.892,0.982014
DSU-SYN-30,46,125.191,86.56,29.936,101.212,81.469,25.346,2175.213,0.985226
DSU-SYN-30,47,130.457,94.711,33.898,91.399,90.268,22.634,2130.011,0.987872
DSU-SYN-30,48,127.611,88.829,29.886,89.43,81.396,18.689,2020.539,0.990048
DSU-SYN-30,49,128.04,95.201,33.674,90.769,81.241,24.188,2141.426,0.991837
DSU-SYN-30,50,126.495,87.679,29.802,86.155,85.864,25.288,2127.643,0.993307
DSU-SYN-31,1,121.345,94.216,28.008,76.838,68.102,31.79,1907.607,0.008163
DSU-SYN-31,2,119.426,76.567,29.081,79.672,76.773,28.347,1983.099,0.009952
DSU-SYN-31,3,126.461,76.75,30.014,61.221,79.994,25.389,1863.752,0.012128
DSU-SYN-31,4,109.692,81.271,30.323,67.403,73.879,28.792,2011.966,0.014774
DSU-SYN-31,5,118.473,76.521,27.063,87.954,80.386,27.794,1883.562,0.017986
DSU-SYN-31,6,115.209,79.787,23.985,74.637,84.513,29.153,1896.197,0.021881
DSU-SYN-31,7,117.172,93.653,28.306,85.37,72.683,29.477,1905.719,0.026597
DSU-SYN-31,8,112.701,81.646,30.532,74.13,76.387,31.921,1848.837,0.032295
DSU-SYN-31,9,122.173,83.153,27.932,67.034,74.282,31.107,2030.785,0.039166
DSU-SYN-31,10,119.684,88.568,25.363,78.504,84.013,27.994,1978.654,0.047426
DSU-SYN-31,11,120.689,84.489,27.612,73.565,87.539,31.834,1937.901,0.057324
DSU-SYN-31,12,115.171,83.517,28.904,82.142,81.529,28.348,1814.941,0.069138
DSU-SYN-31,13,117.909,74.844,27.752,76.996,80.354,35.32,1785.691,0.083173
DSU-SYN-31,14,129.157,82.713,29.511,71.927,83.716,30.536,1922.483,0.09975
DSU-SYN-31,15,108.45,84.598,30.852,79.426,85.17,33.347,1887.745,0.119203
DSU-SYN-31,16,126.52,84.863,28.973,81.936,78.993,24.034,1926.431,0.141851
DSU-SYN-31,17,112.195,93.239,32.941,87.029,77.669,28.199,1901.225,0.167982
DSU-SYN-31,18,129.265,82.183,23.233,88.755,88.7,34.993,2028.89,0.197816
DSU-SYN-31,19,126.165,86.515,24.097,83.481,84.099,30.648,1953.645,0.231475
DSU-SYN-31,20,116.011,81.916,34.066,95.384,81.103,31.847,1908.883,0.268941
DSU-SYN-31,21,124.784,96.462,25.849,87.825,85.175,32.635,2104.866,0.310026
DSU-SYN-31,22,132.549,87.294,31.572,86.523,79.034,32.179,2050.169,0.354344
DSU-SYN-31,23,124.299,84.901,28.961,84.315,78.712,32.483,2046.522,0.401312
DSU-SYN-31,24,128.991,85.898,28.915,97.453,83.757,31.98,2019.653,0.450166
DSU-SYN-31,25,130.656,96.942,33.386,89.381,80.506,36.927,2106.802,0.5
DSU-SYN-31,26,123.605,99.099,29.508,98.782,95.607,30.019,2102.534,0.549834
DSU-SYN-31,27,130.678,105.934,29.231,99.988,87.818,29.425,2068.068,0.598688
DSU-SYN-31,28,127.625,88.411,32.097,98.173,90.083,31.371,2080.165,0.645656
DSU-SYN-31,29,128.388,95.589,34.309,95.033,81.124,31.506,2115.475,0.689974
DSU-SYN-31,30,134.771,101.732,36.172,95.089,94.941,29.448,2146.27,0.731059
DSU-SYN-31,31,124.448,95.604,39.494,96.95,85.928,34.261,2091.223,0.768525
DSU-SYN-31,32,125.626,107.038,34.751,97.943,89.433,32.606,2245.49,0.802184
DSU-SYN-31,33,132.5,81.646,38.282,97.624,94.441,36.225,2179.044,0.832018
DSU-SYN-31,34,135.172,95.411,29.284,98.782,101.493,31.999,2103.344,0.858149
DSU-SYN-31,35,137.95,95.651,31.443,95.36,92.966,29.779,2123.346,0.880797
DSU-SYN-31,36,133.347,99.404,35.459,109.063,102.82,36.081,2156.524,0.90025
DSU-SYN-31,37,129.378,98.676,34.11,103.323,97.815,33.562,2226.989,0.916827
DSU-SYN-31,38,139.051,103.24,32.634,93.697,89.212,32.22,2194.115,0.930862
DSU-SYN-31,39,135.558,91.979,31.512,100.42,89.196,35.058,2158.144,0.942676
DSU-SYN-31,40,129.52,99.496,33.801,94.087,93.336,35.184,2129.287,0.952574
DSU-SYN-31,41,124.997,91.695,31.816,91.449,92.871,38.212,2088.609,0.960834
DSU-SYN-31,42,131.996,110.163,33.915,97.305,94.153,35.152,2305.876,0.967705
DSU-SYN-31,43,130.858,95.816,29.476,100.255,86.774,32.943,2125.274,0.973403
DSU-SYN-31,44,138.968,97.147,33.938,90.116,96.092,31.114,2160.501,0.978119
DSU-SYN-31,45,144.723,104.42,32.644,119.02,89.889,37.051,2084.178,0.982014
DSU-SYN-31,46,132.505,93.078,33.624,100.232,93.599,36.882,2152.732,0.985226
DSU-SYN-31,47,135.407,103.968,29.286,95.464,95.821,35.738,2292.709,0.987872
DSU-SYN-31,48,132.732,98.322,30.823,101.983,93.759,33.487,2187.303,0.990048
DSU-SYN-31,49,136.602,97.118,31.083,102.632,77.423,32.67,2113.82,0.991837
DSU-SYN-31,50,139.887,97.758,31.619,99.783,92.034,33.179,2201.651,0.993307
DSU-SYN-32,1,119.086,94.147,22.035,75.123,83.68,26.684,1507.288,0.008163
DSU-SYN-32,2,125.028,100.145,27.006,83.884,87.174,31.387,1586.689,0.009952
DSU-SYN-32,3,116.039,88.694,28.969,92.746,77.847,24.116,1585.769,0.012128
DSU-SYN-32,4,127.436,89.975,19.676,95.196,85.322,27.081,1594.885,0.014774
DSU-SYN-32,5,123.701,88.899,22.506,82.893,69.887,25.202,1584.715,0.017986
DSU-SYN-32,6,119.929,93.784,22.138,71.415,84.459,25.224,1515.105,0.021881
DSU-SYN-32,7,121.84,95.15,23.498,69.51,87.781,22.912,1617.218,0.026597
DSU-SYN-32,8,117.589,94.784,27.559,85.766,90.579,26.844,1642.229,0.032295
DSU-SYN-32,9,112.848,95.263,24.15,90.07,80.898,26.71,1632.363,0.039166
DSU-SYN-32,10,127.691,96.331,26.822,72.68,74.417,20.374,1674.057,0.047426
DSU-SYN-32,11,125.449,101.662,23.108,79.746,83.573,29.733,1740.575,0.057324
DSU-SYN-32,12,126.262,99.046,28.198,81.852,82.19,25.851,1557.042,0.069138
DSU-SYN-32,13,121.671,92.056,27.49,86.958,93.393,22.159,1762.881,0.083173
DSU-SYN-32,14,114.982,91.95,23.457,91.907,86.501,25.692,1579.251,0.09975
DSU-SYN-32,15,116.315,103.955,27.101,92.603,87.917,19.778,1553.45,0.119203
DSU-SYN-32,16,125.926,96.851,23.818,78.367,91.675,27.619,1682.449,0.141851
DSU-SYN-32,17,120.904,100.051,21.999,84.783,71.345,22.668,1632.643,0.167982
DSU-SYN-32,18,136.485,90.703,22.381,87.519,97.725,27.219,1713.305,0.197816
DSU-SYN-32,19,123.527,97.759,25.86,83.009,92.128,22.839,1736.552,0.231475
DSU-SYN-32,20,126.086,99.913,21.731,81.904,95.723,26.491,1704.98,0.268941
DSU-SYN-32,21,122.232,101.581,22.609,89.286,91.577,27.987,1634.567,0.310026
DSU-SYN-32,22,125.717,105.21,25.728,87.938,101.66,24.994,1786.743,0.354344
DSU-SYN-32,23,122.499,106.643,28.257,87.633,83.874,22.642,1682.146,0.401312
DSU-SYN-32,24,131.783,98.861,26.968,82.911,90.752,24.906,1734.401,0.450166
DSU-SYN-32,25,127.543,99.194,25.323,87.261,85.269,30.69,1729.598,0.5
DSU-SYN-32,26,119.935,102.927,29.501,89.394,103.136,26.051,1804.999,0.549834
DSU-SYN-32,27,137.008,109.173,24.018,89.382,102.147,26.386,1852.714,0.598688
DSU-SYN-32,28,130.519,108.475,24.219,92.421,90.814,29.159,1805.031,0.645656
DSU-SYN-32,29,135.782,106.113,25.576,98.142,90.774,31.477,1803.786,0.689974
DSU-SYN-32,30,132.577,111.616,27.912,88.001,91.405,31.598,1830,0.731059
DSU-SYN-32,31,126.474,111.74,26.888,93.527,91.654,31.61,1697.783,0.768525
DSU-SYN-32,32,131.3,111.186,32.397,102.837,94.12,33.075,1750.607,0.802184
DSU-SYN-32,33,137.352,113.561,26.394,104.356,96.709,31.115,1725.644,0.832018
DSU-SYN-32,34,138.17,109.532,31.599,100.481,107.811,30.756,1853.329,0.858149
DSU-SYN-32,35,140.841,115.971,30.016,87.49,94.873,33.042,1781.133,0.880797
DSU-SYN-32,36,141.666,115.883,27.117,89.7,97.744,34.859,1814.456,0.90025
DSU-SYN-32,37,133.58,107.661,32.05,100.579,97.734,33.267,1920.423,0.916827
DSU-SYN-32,38,133.208,106.784,31.977,102.446,92.475,25.335,1805.946,0.930862
DSU-SYN-32,39,131.82,102.884,26.391,97.09,99.23,34.074,1868.934,0.942676
DSU-SYN-32,40,137.357,115.839,28.595,105.224,103.888,30.19,2084.235,0.952574
DSU-SYN-32,41,142.899,108.032,30.154,98.254,105.047,26.48,1815.516,0.960834
DSU-SYN-32,42,140.187,118.553,30.519,108.28,104.749,30.378,1859.863,0.967705
DSU-SYN-32,43,142.635,118.792,29.132,102.579,112.169,29.92,1902.129,0.973403
DSU-SYN-32,44,141.076,113.263,27.262,105.652,102.482,34.597,1953.437,0.978119
DSU-SYN-32,45,135.748,117.467,30.102,111.327,99.646,30.479,1892.478,0.982014
DSU-SYN-32,46,139.075,109.454,30.788,106.049,110.568,29.996,1871.549,0.985226
DSU-SYN-32,47,142.777,109.957,32.073,110.096,110.454,30.973,1867.117,0.987872
DSU-SYN-32,48,139.416,115.867,27.971,111.646,106.434,27.811,2033.626,0.990048
DSU-SYN-32,49,139.389,108.528,27.305,112.613,113.939,32.572,1994.713,0.991837
DSU-SYN-32,50,145.011,116.81,30.21,106.958,107.435,28.201,1954.039,0.993307
DSU-SYN-33,1,113.526,99.854,39.844,114.315,65.173,20.305,1619.37,0.008163
DSU-SYN-33,2,104.01,101.01,39.111,119.155,74.226,23.003,1456.973,0.009952
DSU-SYN-33,3,104.57,103.808,41.118,112.197,70.421,25.511,1537.289,0.012128
DSU-SYN-33,4,108.602,96.07,47.044,109.898,70.425,25.041,1512.257,0.014774
DSU-SYN-33,5,106.449,101.041,38.39,114.303,59.372,28.02,1597.484,0.017986
DSU-SYN-33,6,109.675,92.449,38.713,120.093,94.253,26.642,1615.731,0.021881
DSU-SYN-33,7,109.189,96.98,43.206,105.254,62.176,20.491,1612.86,0.026597
DSU-SYN-33,8,106.38,101.824,40.707,105.232,65.529,22.148,1447.9,0.032295
DSU-SYN-33,9,104.27,96.037,42.223,116.103,61.929,22.986,1678.254,0.039166
DSU-SYN-33,10,102.036,103.726,41.084,118.877,71.629,22.684,1555.482,0.047426
DSU-SYN-33,11,107.525,101.312,37.57,119.995,76.453,21.193,1532.727,0.057324
DSU-SYN-33,12,106.205,96.201,36.259,108.773,68.152,20.25,1569.71,0.069138
DSU-SYN-33,13,113.397,106.446,40.678,102.063,74.866,24.278,1591.237,0.083173
DSU-SYN-33,14,117.562,98.41,33.889,107.15,73.819,24.049,1481.411,0.09975
DSU-SYN-33,15,101.133,101.111,38.056,117.022,68.823,22.496,1519.262,0.119203
DSU-SYN-33,16,109.955,103.505,41.787,115.477,71.312,21.576,1528.009,0.141851
DSU-SYN-33,17,107.136,114.088,38.038,112.458,72.857,23.51,1662.153,0.167982
DSU-SYN-33,18,108.104,103.127,43.593,126.492,81.309,24.052,1592.459,0.197816
DSU-SYN-33,19,110.486,105.64,39.603,121.988,74.777,24.423,1517.043,0.231475
DSU-SYN-33,20,111.238,96.114,40.451,113.814,76.009,29.392,1657.296,0.268941
DSU-SYN-33,21,118.908,109.545,44.919,129.239,70.717,22.872,1676.405,0.310026
DSU-SYN-33,22,112.446,108.219,41.702,115.494,85.719,22.302,1690.931,0.354344
DSU-SYN-33,23,115.931,100.067,40.477,116.129,80.322,24.331,1650.983,0.401312
DSU-SYN-33,24,106.901,120.471,42.971,124.173,74.667,23.822,1805.518,0.450166
DSU-SYN-33,25,105.502,111.132,40.009,119.846,75.079,23.198,1689.061,0.5
DSU-SYN-33,26,103.143,109.058,43.056,115.217,88.984,24.386,1684.907,0.549834
DSU-SYN-33,27,113.901,111.107,46.791,139.285,85.355,28.798,1836.337,0.598688
DSU-SYN-33,28,118.952,120.212,45.732,126.344,83.923,21.721,1750.726,0.645656
DSU-SYN-33,29,110.787,105.032,44.45,119.771,82.665,26.807,1756.386,0.689974
DSU-SYN-33,30,114.724,118.391,43.946,130.006,76.35,26.188,1832.709,0.731059
DSU-SYN-33,31,124.77,110.586,42.989,122.251,80.34,23.293,1757.466,0.768525
DSU-SYN-33,32,123.691,111.253,44.292,127.601,91.282,25.403,1736.97,0.802184
DSU-SYN-33,33,116.832,110.028,45.987,128.77,85.877,30.244,1879.432,0.832018
DSU-SYN-33,34,113.301,119.425,45.356,127.386,88.037,22.851,1896.41,0.858149
DSU-SYN-33,35,124.515,112.267,43.44,120.434,84.64,26.056,1708.062,0.880797
DSU-SYN-33,36,126.174,123.327,44.93,129.247,89.523,27.295,1730.903,0.90025
DSU-SYN-33,37,119.325,115.759,45.7,131.502,88.507,23.602,1858.194,0.916827
DSU-SYN-33,38,122.858,130.258,44.18,133.696,104.5,27.958,1811.105,0.930862
DSU-SYN-33,39,118.119,125.348,42.309,134.577,84.92,27.049,1719.708,0.942676
DSU-SYN-33,40,129.948,116.496,42.217,139.749,84.934,28.4,1881.252,0.952574
DSU-SYN-33,41,125.751,107.051,47.034,131.81,86.15,27.326,1712.128,0.960834
DSU-SYN-33,42,124.465,111.335,44.615,133.503,94.706,25.578,1928.503,0.967705
DSU-SYN-33,43,128.341,116.113,42.585,124.028,90.006,25.808,1912.556,0.973403
DSU-SYN-33,44,120.294,113.842,45.964,128.678,88.522,30.136,1838.222,0.978119
DSU-SYN-33,45,124.367,119.441,41.166,135.231,89.508,29.92,1873.591,0.982014
DSU-SYN-33,46,122.81,123.635,44.683,134.434,86.745,28.855,1805.794,0.985226
DSU-SYN-33,47,132.105,128.607,47.613,142.257,79.43,24.159,1810.433,0.987872
DSU-SYN-33,48,124.113,117.569,41.333,139.966,101.634,30.924,1909.582,0.990048
DSU-SYN-33,49,125.07,114.377,45.629,145.73,86.633,26.591,1911.643,0.991837
DSU-SYN-33,50,129.834,114.379,44.801,130.117,89.192,30.494,1778.291,0.993307
DSU-SYN-34,1,103.507,102.442,39.885,76.885,71.078,15.735,1749.569,0.008163
DSU-SYN-34,2,89.114,100.764,33.437,65.458,71.257,9.138,1749.368,0.009952
DSU-SYN-34,3,99.348,102.491,33.061,74.546,67.034,14.342,1778.425,0.012128
DSU-SYN-34,4,93.676,103.392,34.755,74.121,86.318,13.974,1755.606,0.014774
DSU-SYN-34,5,96.123,97.256,35.832,71.071,68.448,12.993,1707.17,0.017986
DSU-SYN-34,6,89.55,99.866,36.32,76.456,81.297,16.233,1813.962,0.021881
DSU-SYN-34,7,107.804,101.78,34.317,75.309,81.291,14.382,1733.32,0.026597
DSU-SYN-34,8,101.431,98.287,35.521,77.986,71.006,15.814,1676.263,0.032295
DSU-SYN-34,9,99.431,100.178,41.377,76.589,68.701,10.982,1873.848,0.039166
DSU-SYN-34,10,97.015,98.684,35.102,79.735,76.248,14.512,1796.091,0.047426
DSU-SYN-34,11,100.104,104.501,35.372,82.621,72.981,12.462,1777.817,0.057324
DSU-SYN-34,12,102.925,94.099,29.916,81.824,82,11.391,1798.494,0.069138
DSU-SYN-34,13,97.411,101.98,35.201,68.865,66.516,13.86,1785.496,0.083173
DSU-SYN-34,14,94.077,107.531,33.474,74.456,75.187,14.36,1859.269,0.09975
DSU-SYN-34,15,95.39,96.946,33.839,77.777,66.436,11.295,1819.242,0.119203
DSU-SYN-34,16,96.676,97.078,37.138,74.123,81.232,14.931,1833.909,0.141851
DSU-SYN-34,17,99.878,91.535,32.01,77.734,77.044,10.495,1817.362,0.167982
DSU-SYN-34,18,95.861,106.521,34.95,83.606,81.853,16.242,1890.293,0.197816
DSU-SYN-34,19,100.326,120.069,32.116,76.719,81.534,17.118,1874.28,0.231475
DSU-SYN-34,20,106.129,96.21,39.32,79.486,84.35,10.309,1869.362,0.268941
DSU-SYN-34,21,100.674,110.228,36.341,83.81,71.343,15.423,1851.116,0.310026
DSU-SYN-34,22,106.766,113.112,36.142,74.931,79.228,22.279,1992.244,0.354344
DSU-SYN-34,23,90.263,109.328,38.326,82.528,76.762,15.282,1929.767,0.401312
DSU-SYN-34,24,100.272,115.834,36.095,79.086,87.246,12.291,1866.905,0.450166
DSU-SYN-34,25,104.053,121.507,34.767,72.863,78.005,17.502,1975.606,0.5
DSU-SYN-34,26,119.191,118.719,37.193,81.541,92.237,15.651,1889.599,0.549834
DSU-SYN-34,27,106.603,106.302,35.8,86.565,87.854,15.808,1861.604,0.598688
DSU-SYN-34,28,101.514,114.457,37.375,85.671,81.604,17.947,2061.755,0.645656
DSU-SYN-34,29,106.43,114.651,39.806,85.316,85.202,17.066,1885.922,0.689974
DSU-SYN-34,30,111.913,115.104,38.999,83.755,86.177,20.788,2135.463,0.731059
DSU-SYN-34,31,118.146,109.735,38.923,88.801,88.57,15.561,1881.334,0.768525
DSU-SYN-34,32,110.628,119.84,38.68,94.859,88.838,18.644,2048.441,0.802184
DSU-SYN-34,33,111.514,117.178,42.464,93.949,88.392,18.015,2005.072,0.832018
DSU-SYN-34,34,111.181,118.277,36.97,92.799,83.916,18.138,2069.058,0.858149
DSU-SYN-34,35,112.706,107.6,39.821,94.891,83.153,19.896,1937.069,0.880797
DSU-SYN-34,36,119.343,117.705,32.768,95.668,87.064,16.652,1989.154,0.90025
DSU-SYN-34,37,113.778,115.864,33.88,102.595,88.366,16.284,1966.779,0.916827
DSU-SYN-34,38,118.521,112.051,38.925,91.77,86.961,15.414,2006.556,0.930862
DSU-SYN-34,39,114.924,119.932,36.684,94.986,95.68,14.066,2053.084,0.942676
DSU-SYN-34,40,110.304,113.67,39.349,92.478,83.247,21.575,2120.899,0.952574
DSU-SYN-34,41,105.545,111.71,40.221,94.222,99.716,19.84,2079.933,0.960834
DSU-SYN-34,42,110.221,121.663,35.582,103.914,93.383,16.266,2117.359,0.967705
DSU-SYN-34,43,126.64,118.22,40.175,93.617,91.476,14.584,2062.704,0.973403
DSU-SYN-34,44,115.736,128.388,34.335,94.626,98.787,17.767,2052.162,0.978119
DSU-SYN-34,45,111.421,114.8,34.277,92.622,85.2,18.683,2010.187,0.982014
DSU-SYN-34,46,113.248,117.26,38.736,93.297,84.83,18.616,2141.012,0.985226
DSU-SYN-34,47,116.336,116.52,38.562,84.222,90.417,17.412,2001.739,0.987872
DSU-SYN-34,48,111.972,117.557,41.362,103.126,85.728,17.127,2033.253,0.990048
DSU-SYN-34,49,119.812,120.368,39.121,99.831,87.754,21.839,2068.149,0.991837
DSU-SYN-34,50,111.511,118.519,41.976,94.095,97.06,16.872,2015.116,0.993307
DSU-SYN-35,1,95.696,87.424,25.712,85.97,52.071,17.52,2147.299,0.008163
DSU-SYN-35,2,94.175,101.265,22.738,87.102,57.495,17.767,2174.686,0.009952
DSU-SYN-35,3,88.182,93.541,22.953,78.518,63.477,17.963,2170.936,0.012128
DSU-SYN-35,4,99.217,82.732,26.87,78.724,58.714,16.257,2123.087,0.014774
DSU-SYN-35,5,99.144,101.252,23.151,86.089,57.851,22.067,2040.74,0.017986
DSU-SYN-35,6,94.531,88.405,17.833,81.999,68.675,16.117,2245.182,0.021881
DSU-SYN-35,7,98.723,92.062,24.047,73.968,53.384,20.044,2195.491,0.026597
DSU-SYN-35,8,94.669,92.894,29.254,81.808,67.428,18.134,2311.547,0.032295
DSU-SYN-35,9,86.831,93.275,22.823,85.379,65.267,18.776,2280.441,0.039166
DSU-SYN-35,10,89.754,88.386,23.888,84.492,56.983,15.467,2281.398,0.047426
DSU-SYN-35,11,91.469,99.809,23.928,88.832,61.642,15.845,2226.166,0.057324
DSU-SYN-35,12,103.137,94.149,26.208,89.361,60.375,18.421,2242.318,0.069138
DSU-SYN-35,13,97.565,86.383,24.641,84.406,56.464,21.254,2156.896,0.083173
DSU-SYN-35,14,87.073,97.421,20.553,74.307,64.594,18.481,2246.28,0.09975
DSU-SYN-35,15,92.185,86.87,21.235,84.67,51.899,18.933,2186.653,0.119203
DSU-SYN-35,16,95.73,94.976,25.278,89.798,57.923,18.72,2242.34,0.141851
DSU-SYN-35,17,83.13,97.903,24.814,90.76,52.788,17.581,2157.252,0.167982
DSU-SYN-35,18,99.535,88.182,22.263,91.238,57.33,16.175,2306.08,0.197816
DSU-SYN-35,19,101.156,99.424,26.872,87.383,60.551,17.017,2264.448,0.231475
DSU-SYN-35,20,94.452,94.322,26.433,96.704,64.918,23.28,2214.561,0.268941
DSU-SYN-35,21,88.642,100.8,23.205,88.859,52.731,16.719,2171.116,0.310026
DSU-SYN-35,22,96.458,96.052,25.577,98.914,68.298,15.098,2332.129,0.354344
DSU-SYN-35,23,100.033,98.381,25.525,93.737,61.024,18.894,2386.534,0.401312
DSU-SYN-35,24,96.834,94.6,25.667,86.801,55.816,18.694,2419.718,0.450166
DSU-SYN-35,25,101.058,101.54,20.74,97.309,67.71,18.102,2345.868,0.5
DSU-SYN-35,26,102.999,96.246,27.14,102.959,66.779,17.805,2335.784,0.549834
DSU-SYN-35,27,107.3,96.292,27.996,92.783,70.576,18.768,2323.18,0.598688
DSU-SYN-35,28,111.488,96.223,27.993,108.273,74.176,17.049,2287.251,0.645656
DSU-SYN-35,29,100.912,104.856,27.561,91.23,65.712,18.534,2377.605,0.689974
DSU-SYN-35,30,115.334,100.14,24.755,92.965,75.584,20.632,2339.846,0.731059
DSU-SYN-35,31,104.27,101.523,28.121,116.694,75.825,20.66,2367.274,0.768525
DSU-SYN-35,32,99.973,109.754,29.245,98.532,80.473,21.087,2478.153,0.802184
DSU-SYN-35,33,108.708,105.737,25.305,101.112,78.842,19.889,2463.652,0.832018
DSU-SYN-35,34,102.284,110.994,28.603,95.347,72.968,23.598,2352.577,0.858149
DSU-SYN-35,35,102.751,107.154,33.265,99.022,77.737,22.014,2406.237,0.880797
DSU-SYN-35,36,109.261,105.612,27.132,93.518,75.008,23.694,2457.359,0.90025
DSU-SYN-35,37,114.206,111.051,27.959,100.083,72.568,17.839,2439.617,0.916827
DSU-SYN-35,38,109.737,116.979,29.498,98.97,67.131,21.058,2519.346,0.930862
DSU-SYN-35,39,108.116,111.325,27.782,108.721,66.419,25.634,2388.193,0.942676
DSU-SYN-35,40,113.366,107.432,27.994,103.19,77.735,22.809,2543.122,0.952574
DSU-SYN-35,41,116.586,110.601,32.608,105.377,82.831,22.772,2433.07,0.960834
DSU-SYN-35,42,110.576,111.581,28.277,107.447,81.696,21.671,2267.504,0.967705
DSU-SYN-35,43,118.164,107.68,26.327,98.351,74.599,20.346,2423.695,0.973403
DSU-SYN-35,44,106.447,111.902,33.484,110.122,83.447,20.829,2484.027,0.978119
DSU-SYN-35,45,112.06,106.025,27.363,110.412,83.332,21.958,2394.208,0.982014
DSU-SYN-35,46,108.507,102.174,28.631,106.888,75.23,22.407,2508.015,0.985226
DSU-SYN-35,47,111.317,103.421,27.823,107.873,86.379,21.134,2518.185,0.987872
DSU-SYN-35,48,114.463,108.484,31.338,112.674,85.233,22.969,2645.489,0.990048
DSU-SYN-35,49,107.028,120.12,30.396,113.543,75.066,23.942,2580.704,0.991837
DSU-SYN-35,50,104.694,108.71,23.13,104.463,72.12,21.292,2685.912,0.993307
DSU-SYN-36,1,98.287,77.788,38.614,130.644,62.906,23.639,1883.248,0.008163
DSU-SYN-36,2,82.997,79.861,37.664,126.486,60.717,21.215,1858.181,0.009952
DSU-SYN-36,3,94.2,84.674,41.301,121.763,66.171,22.324,1906.276,0.012128
DSU-SYN-36,4,85.909,94.741,33.03,136.289,65.605,24.602,1959.329,0.014774
DSU-SYN-36,5,94.163,81.512,38.773,137.271,59.806,28.53,1893.875,0.017986
DSU-SYN-36,6,87.779,80.766,36.734,114.421,62.716,22.593,1792.835,0.021881
DSU-SYN-36,7,93.769,84.223,35.725,124.304,67.432,23.454,1820.391,0.026597
DSU-SYN-36,8,90.761,85.167,34.494,124.65,68.892,24.725,1855.071,0.032295
DSU-SYN-36,9,93.64,80.644,35.004,125.025,74.538,23.731,1853.954,0.039166
DSU-SYN-36,10,98.125,84.258,43.004,123.647,59.648,22.942,1858.272,0.047426
DSU-SYN-36,11,86.544,98.88,38.262,129.718,63.145,21.955,1950.466,0.057324
DSU-SYN-36,12,82.416,80.369,36.905,135.298,63.905,24.49,1884.163,0.069138
DSU-SYN-36,13,97.529,78.412,39.432,126.307,71.982,21.46,1888.139,0.083173
DSU-SYN-36,14,90.834,81.622,34.472,124.383,67.544,21.685,1868.3,0.09975
DSU-SYN-36,15,82.268,85.131,40.328,132.524,66.632,24.269,1839.263,0.119203
DSU-SYN-36,16,100.226,97.731,38.292,144.336,63.526,20.627,1854.362,0.141851
DSU-SYN-36,17,91.477,99.423,37.305,124.209,62.739,26.714,1981.686,0.167982
DSU-SYN-36,18,90.684,79.02,35.332,140.35,72.859,24.153,2051.643,0.197816
DSU-SYN-36,19,103.509,88.825,38.275,127.271,67.692,20.415,1826.596,0.231475
DSU-SYN-36,20,85.779,95.101,34.599,143.287,65.766,28.632,1916.609,0.268941
DSU-SYN-36,21,87.3,96.838,42.208,127.055,68.98,22.196,1946.051,0.310026
DSU-SYN-36,22,96.468,89.46,34.374,129.981,76.078,24.125,1944.862,0.354344
DSU-SYN-36,23,92.121,89.012,42.673,127.661,77.121,24.962,1999.01,0.401312
DSU-SYN-36,24,93.992,91.183,39.376,132.451,75.762,26.193,2148.619,0.450166
DSU-SYN-36,25,99.942,84.277,42.542,135.448,86.841,28.936,1976.111,0.5
DSU-SYN-36,26,103.057,91.766,39.885,141.823,82.444,27.706,2031.679,0.549834
DSU-SYN-36,27,112.744,93.79,36.1,130.354,85.587,25.482,2052.22,0.598688
DSU-SYN-36,28,98.46,94.197,38.381,142.702,77.098,26.958,2078.938,0.645656
DSU-SYN-36,29,99.841,89.964,36.701,159.01,87.438,29.407,2021.25,0.689974
DSU-SYN-36,30,102.758,93.921,37.487,138.222,87.348,28.331,2012.894,0.731059
DSU-SYN-36,31,101.81,102.418,39.523,143.056,82.551,27.364,2109.828,0.768525
DSU-SYN-36,32,100.722,96.523,38.281,133.951,80.125,28.569,2005.515,0.802184
DSU-SYN-36,33,105.892,103.738,36.67,142.352,91.287,28.033,1980.154,0.832018
DSU-SYN-36,34,108.289,96.547,43.118,140.41,81.614,25.419,2119.146,0.858149
DSU-SYN-36,35,102.569,99.575,38.561,147.992,83.437,22.817,2195.223,0.880797
DSU-SYN-36,36,104.874,101.852,43.507,147.446,89.766,26.207,2203.965,0.90025
DSU-SYN-36,37,106.668,103.88,42.686,153.286,87.435,25.902,2091.639,0.916827
DSU-SYN-36,38,106.058,97.794,39.115,133.382,74.091,32.032,2094.783,0.930862
DSU-SYN-36,39,116.036,103.823,41.679,137.406,83.651,31.848,2253.317,0.942676
DSU-SYN-36,40,108.068,96.242,39.459,141.512,91.49,31.239,2160.965,0.952574
DSU-SYN-36,41,105.331,109.877,39.446,147.12,86.764,25.037,2105.216,0.960834
DSU-SYN-36,42,103.401,109.341,46.712,147.649,82.514,25.724,2151.914,0.967705
DSU-SYN-36,43,104.321,101.875,42.987,144.654,83.1,26.783,2131.271,0.973403
DSU-SYN-36,44,104.95,106.256,37.551,156.635,85.145,28.792,2205.671,0.978119
DSU-SYN-36,45,103.687,97.943,39.416,145.793,88.605,25.824,2198.639,0.982014
DSU-SYN-36,46,95.445,100.645,44.93,146.32,79.499,25.655,1945.086,0.985226
DSU-SYN-36,47,102.274,107.906,40.569,144.617,70.536,23.231,2241.145,0.987872
DSU-SYN-36,48,110.458,96.172,40.459,147.277,77.394,22.307,2147.35,0.990048
DSU-SYN-36,49,110.267,105.651,44.233,138.17,84.954,26.653,2152.926,0.991837
DSU-SYN-36,50,106.372,99.416,34.507,154.495,86.616,23.62,2192.591,0.993307
DSU-SYN-37,1,123.655,84.21,24.893,99.284,81.016,20.411,1857.583,0.008163
DSU-SYN-37,2,125.029,85.599,28.554,92.096,83.042,23.925,1671.001,0.009952
DSU-SYN-37,3,127.068,82.597,28.972,99.43,88.382,19.153,1772.313,0.012128
DSU-SYN-37,4,120.124,86.239,21.058,86.963,93.082,24.104,1755.577,0.014774
DSU-SYN-37,5,121.524,81.06,27.362,94.217,95.292,22.733,1785.418,0.017986
DSU-SYN-37,6,119.196,84.748,27.323,94.127,83.176,24.028,1888.514,0.021881
DSU-SYN-37,7,126.948,92.357,28.458,102.974,82.526,22.714,1769.697,0.026597
DSU-SYN-37,8,129.057,90.701,27.244,101.853,82.918,25.468,1856.707,0.032295
DSU-SYN-37,9,129.837,87.534,28.749,91.38,87.625,24.035,1694.595,0.039166
DSU-SYN-37,10,128.971,80.767,25.936,97.165,82.216,23.525,1794.799,0.047426
DSU-SYN-37,11,122.675,90.029,25.144,110.872,86.142,20.432,1724.205,0.057324
DSU-SYN-37,12,132.727,85.356,23.703,102.526,84.541,25.043,1862.143,0.069138
DSU-SYN-37,13,128.614,99.634,22.869,92.805,85.78,29.121,1926.724,0.083173
DSU-SYN-37,14,133.983,83.983,25.569,93.106,82.946,27.27,1788.773,0.09975
DSU-SYN-37,15,127.333,92.175,23.199,98.821,81.455,22.884,1770.623,0.119203
DSU-SYN-37,16,125.108,89.839,28.022,97.685,90.713,21.543,1866.178,0.141851
DSU-SYN-37,17,127.737,86.763,25.61,98.13,100.235,23.666,1746.198,0.167982
DSU-SYN-37,18,133.899,87.359,28.452,96.601,97.293,22.473,1933.107,0.197816
DSU-SYN-37,19,124.665,88.86,31.408,101.984,103.91,23.419,1863.347,0.231475
DSU-SYN-37,20,140.111,83.429,23.997,97.026,95.911,20.224,1898.388,0.268941
DSU-SYN-37,21,133.958,101.81,30.906,104.888,100.007,25.769,1836.715,0.310026
DSU-SYN-37,22,126.4,89.689,28.41,104.728,79.928,24.059,1884.216,0.354344
DSU-SYN-37,23,135.706,101.515,29.204,99.254,82.77,26.522,1835.469,0.401312
DSU-SYN-37,24,138.182,101.248,25.119,109.11,102.411,27.558,1764.215,0.450166
DSU-SYN-37,25,130.476,88.757,30.532,109.363,79.465,24.467,1981.962,0.5
DSU-SYN-37,26,136.381,96.786,28.555,101.625,96.546,25.559,1983.93,0.549834
DSU-SYN-37,27,140.003,97.363,32.444,106.804,88.962,26.826,1964.365,0.598688
DSU-SYN-37,28,139.851,91.457,34.414,114.35,96.837,23.492,2045.009,0.645656
DSU-SYN-37,29,132.655,109.884,28.621,121.385,98.345,29.969,1931.463,0.689974
DSU-SYN-37,30,138.998,103.341,32.011,118.571,97.348,26.402,2082.617,0.731059
DSU-SYN-37,31,136.052,102.854,29.991,114.026,101.53,24.376,1988.221,0.768525
DSU-SYN-37,32,140.908,100.083,34.636,119.591,103.436,24.581,1958.885,0.802184
DSU-SYN-37,33,150.59,96.085,31.135,116.353,100.424,24.108,1970.575,0.832018
DSU-SYN-37,34,138.459,98.057,34.298,114.707,99.672,26.991,2080.113,0.858149
DSU-SYN-37,35,139.876,106.522,27.912,122.288,103.214,26.699,1991.64,0.880797
DSU-SYN-37,36,135.81,94.029,29.278,119.214,97.889,23.029,1982.352,0.90025
DSU-SYN-37,37,140.323,100.933,30.944,122.249,111.484,31.984,1937.217,0.916827
DSU-SYN-37,38,138.22,106.406,30.2,121.526,105.512,30.977,2128.16,0.930862
DSU-SYN-37,39,148.018,101.067,31.149,114.79,95.47,30.758,2110.892,0.942676
DSU-SYN-37,40,141.166,109.827,29.865,105.811,110.748,23.924,2047.98,0.952574
DSU-SYN-37,41,144.07,105.38,33.603,120.506,108.168,25.178,2084.759,0.960834
DSU-SYN-37,42,135.635,111.387,28.009,115.094,97.093,25.358,2067.163,0.967705
DSU-SYN-37,43,140.622,109.4,32.111,114.52,104.319,30.257,2131.554,0.973403
DSU-SYN-37,44,137.657,100.361,32.753,119.522,98.912,29.1,2006.986,0.978119
DSU-SYN-37,45,149.94,106.481,28.756,114.313,102.013,27.643,2056.238,0.982014
DSU-SYN-37,46,137.751,96.92,32.974,119.275,105.99,27.934,2028.155,0.985226
DSU-SYN-37,47,144.446,116.632,34.551,115.885,102.269,20.117,2147.082,0.987872
DSU-SYN-37,48,147.498,101.259,28.046,110.732,108.119,27.054,2121.338,0.990048
DSU-SYN-37,49,144.03,108.845,32.558,122.676,92.951,24.199,2047.958,0.991837
DSU-SYN-37,50,149.022,113.44,31.23,114.066,93.788,29.45,2035.391,0.993307
DSU-SYN-38,1,103.44,91.592,31.971,92.92,66.774,27.972,2038.734,0.008163
DSU-SYN-38,2,87.554,99.511,28.757,92.047,72.881,24.462,1979.899,0.009952
DSU-SYN-38,3,89.6,85.98,27.151,87.936,65.244,26.576,1964.098,0.012128
DSU-SYN-38,4,98.418,96.508,29.331,87.869,61.833,29.101,1940.648,0.014774
DSU-SYN-38,5,87.147,90.201,26.938,95.037,78.737,31.399,2108.642,0.017986
DSU-SYN-38,6,78.666,89.568,22.255,92.523,69.06,26.227,1973.691,0.021881
DSU-SYN-38,7,90.893,88.194,23.651,88.843,80.505,27.406,1934.852,0.026597
DSU-SYN-38,8,78.342,100.487,24.986,82.076,63.135,23.896,1924.692,0.032295
DSU-SYN-38,9,88.012,89.803,27.324,87.633,86.896,23.261,2005.342,0.039166
DSU-SYN-38,10,90.225,90.843,27.139,93.911,74.308,31.018,1844.078,0.047426
DSU-SYN-38,11,85.322,103.549,29.229,92.755,81.327,22.807,2055.179,0.057324
DSU-SYN-38,12,95.068,93.093,33.58,90.95,61.007,28.601,1952.64,0.069138
DSU-SYN-38,13,95.823,99.379,25.581,99.095,80.081,25.637,1996.598,0.083173
DSU-SYN-38,14,92.881,95.116,26.321,90.665,68.381,22.195,2028.953,0.09975
DSU-SYN-38,15,80.702,92.322,22.823,80.982,77.723,27.303,1999.962,0.119203
DSU-SYN-38,16,84.475,94.416,28.304,91.059,80.554,30.366,2007.189,0.141851
DSU-SYN-38,17,82.264,94.382,27.247,87.287,69.813,28.238,2202.805,0.167982
DSU-SYN-38,18,89.621,98.689,24.357,100.063,81.986,30.203,2136.819,0.197816
DSU-SYN-38,19,90.531,97.796,32.077,97.139,64.095,29.467,2011.013,0.231475
DSU-SYN-38,20,97.833,102.024,23.635,95.78,79.423,29.396,2103.258,0.268941
DSU-SYN-38,21,101.562,102.792,28.244,101.959,92.438,30.947,2089.731,0.310026
DSU-SYN-38,22,97.042,102.8,28.451,109.037,75.373,31.733,2079.782,0.354344
DSU-SYN-38,23,88.323,101.424,27.268,100.545,81.355,26.488,2205.653,0.401312
DSU-SYN-38,24,102.055,111.175,29.466,97.94,86.005,27.805,2126.443,0.450166
DSU-SYN-38,25,96.623,96.837,29.437,96.605,81.325,30.367,2221.366,0.5
DSU-SYN-38,26,94.154,103.356,27.45,95.366,80.21,29.176,2188.25,0.549834
DSU-SYN-38,27,100.88,100.634,32.837,107.088,79.347,32.932,2184.781,0.598688
DSU-SYN-38,28,99.341,108.554,29.767,105.725,86.818,29.226,2034.178,0.645656
DSU-SYN-38,29,103.557,105.693,31.994,106.32,84.494,32.813,2203.62,0.689974
DSU-SYN-38,30,102.479,107.61,34.459,100.054,85.466,27.335,2252.478,0.731059
DSU-SYN-38,31,99.424,106.625,29.141,105.534,80.647,24.977,2244.886,0.768525
DSU-SYN-38,32,92.373,113.852,34.495,104.913,96.621,30.666,2334.891,0.802184
DSU-SYN-38,33,101.196,98.294,30.545,116.803,92.631,29.564,2254.917,0.832018
DSU-SYN-38,34,108.804,110.161,37.439,104.025,95.959,32.867,2190.746,0.858149
DSU-SYN-38,35,102.233,116.087,31.346,109.656,80.581,32.697,2266.639,0.880797
DSU-SYN-38,36,104.386,113.151,30.056,104.504,89.334,29.978,2405.001,0.90025
DSU-SYN-38,37,109.563,106.802,36.251,105.823,91.294,33.452,2119.438,0.916827
DSU-SYN-38,38,104.072,109.031,31.742,110.95,90.934,30.958,2336.107,0.930862
DSU-SYN-38,39,106.977,112.317,31.657,120.005,92.67,30.031,2131.462,0.942676
DSU-SYN-38,40,98.478,109.953,31.065,105.873,93.939,29.937,2204.047,0.952574
DSU-SYN-38,41,108.859,119.284,28.608,110.851,80.567,27.707,2229.326,0.960834
DSU-SYN-38,42,111.594,108.667,29.37,109.756,92.357,29.459,2411.636,0.967705
DSU-SYN-38,43,104.696,113.231,30.433,112.305,99.659,35.605,2220.951,0.973403
DSU-SYN-38,44,111.611,115.496,33.897,109.218,91.221,33.805,2342.553,0.978119
DSU-SYN-38,45,114.006,113.811,31.213,95.096,82.753,30.497,2199.819,0.982014
DSU-SYN-38,46,110.306,106.326,30.242,107.153,99.714,29.975,2309.525,0.985226
DSU-SYN-38,47,107.261,117.44,33.634,109.783,82.36,30.927,2277.253,0.987872
DSU-SYN-38,48,107.752,109.275,34.372,110.113,87.059,30.37,2414.301,0.990048
DSU-SYN-38,49,109.676,118.237,28.924,105.938,88.529,31.984,2267.66,0.991837
DSU-SYN-38,50,103.933,111.201,29.55,109.024,99.326,27.747,2304.535,0.993307
DSU-SYN-39,1,113.913,101.452,26.984,90.726,64.878,26.56,1712.148,0.008163
DSU-SYN-39,2,97.694,101.64,25.156,85.15,77.509,31.26,1792.021,0.009952
DSU-SYN-39,3,112.18,104.434,27.367,73.719,80.621,24.011,1882.921,0.012128
DSU-SYN-39,4,109.815,97.607,29.118,98.124,80.129,25.363,1737.082,0.014774
DSU-SYN-39,5,107.69,101.717,31.353,89.834,60.826,27.805,1775.348,0.017986
DSU-SYN-39,6,107.445,103.86,31.37,91.349,66.559,26.528,1757.656,0.021881
DSU-SYN-39,7,98.935,102.153,33.008,75.314,71.007,26.554,1810.609,0.026597
DSU-SYN-39,8,102.633,95.677,24.978,93.697,65.37,25.469,1939.501,0.032295
DSU-SYN-39,9,103.899,104.638,31.117,91.957,63.414,24.964,1815.404,0.039166
DSU-SYN-39,10,117.364,99.267,27.264,88.562,75.286,28.482,1737.471,0.047426
DSU-SYN-39,11,105.237,104.33,31.702,84.831,71.632,24.258,1930.112,0.057324
DSU-SYN-39,12,108.881,108.854,28.679,87.034,63.001,21.496,1890.863,0.069138
DSU-SYN-39,13,108.753,104.75,25.551,81.413,78.657,31.282,1763.951,0.083173
DSU-SYN-39,14,112.018,104.967,28.453,98.307,69.896,30.103,1839.113,0.09975
DSU-SYN-39,15,108.926,111.227,29.575,87.045,81.28,30.206,1902.387,0.119203
DSU-SYN-39,16,89.979,106.975,29.491,87.913,77.115,27.83,1872.49,0.141851
DSU-SYN-39,17,108.549,112.736,31.036,91.952,76.942,30.181,1904.401,0.167982
DSU-SYN-39,18,109.862,110.733,29.67,100.855,81.162,25.849,2004.983,0.197816
DSU-SYN-39,19,100.522,109.574,27.659,101.387,76.766,25.57,1833.276,0.231475
DSU-SYN-39,20,108.136,105.533,28.762,86.411,77.619,28.69,1793.429,0.268941
DSU-SYN-39,21,104.154,109.356,31.115,96.203,80.127,31.816,1945.291,0.310026
DSU-SYN-39,22,126.642,124.102,25.607,79.614,77.662,29.331,1883.48,0.354344
DSU-SYN-39,23,117.607,108.093,28.497,90.573,77.445,30.377,1868.81,0.401312
DSU-SYN-39,24,113.523,113.175,29.975,101.605,74.106,25.632,1938.862,0.450166
DSU-SYN-39,25,117.887,106.896,34.075,107.551,76.853,32.401,1765.739,0.5
DSU-SYN-39,26,122.143,107.829,33.4,91.33,81.206,26.866,1932.467,0.549834
DSU-SYN-39,27,126.791,112.458,36.475,95.857,91.544,25.033,1942.039,0.598688
DSU-SYN-39,28,115.806,121.531,31.893,86.677,75.672,26.763,2041.569,0.645656
DSU-SYN-39,29,123.31,113.139,30.275,104.479,77.642,30.625,2015.557,0.689974
DSU-SYN-39,30,118.651,117.369,32.103,104.069,77.236,31.189,2073.668,0.731059
DSU-SYN-39,31,122.303,119.061,31.757,107.257,86.382,26.94,2070.461,0.768525
DSU-SYN-39,32,113.134,118.074,31.236,99.96,87.695,28.178,2058.998,0.802184
DSU-SYN-39,33,122.125,114.111,35.688,104.534,91.045,33.618,2130.106,0.832018
DSU-SYN-39,34,125.211,116.154,28.896,105.121,94.35,31.072,1798.812,0.858149
DSU-SYN-39,35,127.07,122.733,31.829,110.309,92.003,28.568,2135.719,0.880797
DSU-SYN-39,36,116.732,118.139,32.284,99.854,90.447,33.639,2139.905,0.90025
DSU-SYN-39,37,126.986,110.244,29.418,106.168,88.751,29.188,2190.909,0.916827
DSU-SYN-39,38,124.15,121.689,35.297,105.81,104.783,28.141,2019.322,0.930862
DSU-SYN-39,39,119.119,127.003,34.89,102.475,84.29,34.004,2090.609,0.942676
DSU-SYN-39,40,131.064,119.067,34.212,107.759,85.927,30.223,1985.359,0.952574
DSU-SYN-39,41,126.631,123.322,35.449,110.139,89.067,34.498,2133.2,0.960834
DSU-SYN-39,42,131.227,126.896,32.694,108.618,94.621,27.774,1993.912,0.967705
DSU-SYN-39,43,117.89,119.202,32.202,97.802,90.984,30.432,2157.266,0.973403
DSU-SYN-39,44,134.536,122.109,31.317,110.4,90.238,30.09,2015.612,0.978119
DSU-SYN-39,45,122.22,119.008,35.088,109.672,101.213,32.393,2106.793,0.982014
DSU-SYN-39,46,123.068,114.768,31.669,102.477,74.959,28.199,2190.211,0.985226
DSU-SYN-39,47,126.49,118.12,34.103,95.014,92.07,33.925,2070.372,0.987872
DSU-SYN-39,48,115.826,117.972,36.315,108.334,81.911,36.66,1991.736,0.990048
DSU-SYN-39,49,123.504,114.887,30.536,104.109,94.273,33.975,2053.008,0.991837
DSU-SYN-39,50,119.694,122.494,34.403,108.296,92.14,30.473,2087.351,0.993307
DSU-SYN-40,1,129.357,122.378,35.54,75.575,65.662,31.63,1803.689,0.008163
DSU-SYN-40,2,134.122,119.265,28.927,79.949,65.852,28.572,1874.893,0.009952
DSU-SYN-40,3,131.521,121.901,32.068,73.929,62.949,31.011,1876.365,0.012128
DSU-SYN-40,4,132.803,118.653,29.775,80.623,61.788,37.216,1905.142,0.014774
DSU-SYN-40,5,124.804,118.13,31.949,72.617,56.928,28.434,1890.637,0.017986
DSU-SYN-40,6,121.739,110.027,31.379,73.463,61.802,29.811,1750.902,0.021881
DSU-SYN-40,7,133.019,113.326,28.72,76.983,64.531,29.306,1716.013,0.026597
DSU-SYN-40,8,132.536,117.857,28.794,68.803,66.261,32.293,1863.827,0.032295
DSU-SYN-40,9,139.013,121.109,29.853,79.609,66.614,31.233,1949.79,0.039166
DSU-SYN-40,10,126.481,117.85,33.136,77.215,64.273,26.89,1702.598,0.047426
DSU-SYN-40,11,141.531,119.455,28.75,77.675,60.999,30.368,1798.626,0.057324
DSU-SYN-40,12,124.296,107.6,26.274,81.966,61,32.583,1935.002,0.069138
DSU-SYN-40,13,131.698,116.885,30.669,73.647,74.426,35.996,1973.733,0.083173
DSU-SYN-40,14,121.156,116.491,30.428,79.29,57.17,27.016,1968.695,0.09975
DSU-SYN-40,15,129.468,111.589,27.754,79.283,62.987,32.06,1814.545,0.119203
DSU-SYN-40,16,123.95,126.555,31.62,75.435,65.248,35.214,1931.257,0.141851
DSU-SYN-40,17,138.876,116.985,30.879,80.426,65.598,31.422,1856.837,0.167982
DSU-SYN-40,18,135.674,113.834,32.328,80.533,68.275,32.91,1881.094,0.197816
DSU-SYN-40,19,130.934,123.765,32.531,76.366,66.61,31.47,1878.097,0.231475
DSU-SYN-40,20,142.585,123.304,31.284,74.638,75.351,30.556,1882.285,0.268941
DSU-SYN-40,21,139.562,124.397,25.19,80.191,72.492,31.409,1951.528,0.310026
DSU-SYN-40,22,127.448,109.103,29.227,83.806,53.276,30.335,1819.005,0.354344
DSU-SYN-40,23,136.129,133.893,31.353,82.501,78.6,32.694,1952.639,0.401312
DSU-SYN-40,24,142.854,127.343,32.857,83.388,72.466,35.139,1958.792,0.450166
DSU-SYN-40,25,145.274,120.645,35.964,88.149,69.727,34.328,1951.774,0.5
DSU-SYN-40,26,140.182,124.344,32.291,92.062,79.646,30.452,1937.478,0.549834
DSU-SYN-40,27,142.248,129.373,31.177,97.036,82.393,31.906,1976.343,0.598688
DSU-SYN-40,28,140.601,126.843,36.233,94.429,78.662,35.362,2098.6,0.645656
DSU-SYN-40,29,142.829,131.313,34.796,92.422,74.665,32.159,2034.086,0.689974
DSU-SYN-40,30,139.744,122.674,35.201,92.479,72.124,33.424,2053.712,0.731059
DSU-SYN-40,31,144.861,125.304,30.31,94.343,71.705,33.602,2055.027,0.768525
DSU-SYN-40,32,143.941,132.583,37.856,82.368,86.842,28.044,2185.51,0.802184
DSU-SYN-40,33,134.88,144.039,33.032,100.364,88.684,33.359,2071.718,0.832018
DSU-SYN-40,34,141.379,136.264,33.075,88.283,85.925,32.317,2081.711,0.858149
DSU-SYN-40,35,146.508,129.522,33.016,102.905,81.929,33.756,2099.275,0.880797
DSU-SYN-40,36,148.595,127.915,35.408,95.658,72.812,39.222,2219.627,0.90025
DSU-SYN-40,37,142.618,127.771,34.992,85.932,92.061,33.635,2235.87,0.916827
DSU-SYN-40,38,142.752,133.075,37.658,92.857,85.788,37.597,2087.63,0.930862
DSU-SYN-40,39,140.777,126.555,36.007,97.389,90.762,34.23,2029.946,0.942676
DSU-SYN-40,40,135.501,148.366,35.914,96.095,86.262,31.378,2077.426,0.952574
DSU-SYN-40,41,156.13,137.467,32.728,88.095,81.661,34.203,2278.985,0.960834
DSU-SYN-40,42,146.595,128.351,34.524,97.193,77.209,36.025,2222.23,0.967705
DSU-SYN-40,43,148.333,130.416,33.377,85.779,84.204,35.821,2076.551,0.973403
DSU-SYN-40,44,157.423,138.448,30.24,85.202,79.197,38.997,2203.095,0.978119
DSU-SYN-40,45,155.913,134.608,34.217,88.436,87.277,34.59,2125.472,0.982014
DSU-SYN-40,46,155.942,133.983,38.084,86.464,101.372,34.16,2192.366,0.985226
DSU-SYN-40,47,152.231,132.175,36.817,101.276,81.017,33.352,2146.828,0.987872
DSU-SYN-40,48,147.361,141.667,36.537,95.676,88.976,29.997,2101.238,0.990048
DSU-SYN-40,49,149.41,140.31,35.289,104.887,90.583,33.901,2135.044,0.991837
DSU-SYN-40,50,150.04,132.517,38.625,89.518,87.301,36.966,2123.346,0.993307
DSU-SYN-41,1,108.215,76.831,34.707,88.542,59.314,25.553,1877.869,0.008163
DSU-SYN-41,2,115.98,81.041,38.136,98.271,61.419,23.86,1811.43,0.009952
DSU-SYN-41,3,108.709,70.221,31.981,94.899,65.411,19.945,1744.496,0.012128
DSU-SYN-41,4,121.587,78.957,30.649,94.458,78.995,24.256,1656.807,0.014774
DSU-SYN-41,5,124.347,68.142,32.21,84.957,61.484,23.429,1707.893,0.017986
DSU-SYN-41,6,110.704,83.196,30.636,83.502,65.166,21.888,1812.368,0.021881
DSU-SYN-41,7,105.299,80.14,34.256,85.553,60.533,23.095,1787.9,0.026597
DSU-SYN-41,8,112.236,84.987,32.646,84.791,68.563,22.334,1846.647,0.032295
DSU-SYN-41,9,113.843,81.225,32.918,91.859,78.729,25.808,1917.567,0.039166
DSU-SYN-41,10,112.271,72.89,35.688,93.271,63.05,22.234,1794.064,0.047426
DSU-SYN-41,11,117.08,81.512,33.372,92.366,62.627,17.558,1765.761,0.057324
DSU-SYN-41,12,108.293,73.845,33.699,97.752,66.177,26.455,1813.408,0.069138
DSU-SYN-41,13,111.581,78.307,35.775,93.827,68.029,18.855,1809.427,0.083173
DSU-SYN-41,14,118.037,68.484,36.483,96.554,63.074,20.981,2010.111,0.09975
DSU-SYN-41,15,119.964,78.613,33.558,90.107,68.757,21.458,1877.732,0.119203
DSU-SYN-41,16,122.367,79.14,30.712,86.284,69.164,21.336,1907.287,0.141851
DSU-SYN-41,17,105.688,83.54,30.81,95.335,66.894,27.644,1909.868,0.167982
DSU-SYN-41,18,124.05,83.429,37.17,94.461,71.594,26.52,1970.161,0.197816
DSU-SYN-41,19,117.583,79.592,33.374,103.28,78.269,22.132,1864.849,0.231475
DSU-SYN-41,20,111.082,86.054,31.631,102.184,74.217,22.409,2037.622,0.268941
DSU-SYN-41,21,109.031,90.943,34.954,85.742,81.316,26.375,1910.502,0.310026
DSU-SYN-41,22,112.316,75.598,40.412,93.617,65.07,24.8,1839.12,0.354344
DSU-SYN-41,23,113.078,89.263,35.764,97.873,73.7,23.222,1963.523,0.401312
DSU-SYN-41,24,115.056,82.267,33.316,96.91,80.831,26.458,1917.253,0.450166
DSU-SYN-41,25,113.79,85.279,40.475,96.196,74.597,24.964,1989.864,0.5
DSU-SYN-41,26,118.368,92.737,36.468,108.533,80.097,27.187,2123.328,0.549834
DSU-SYN-41,27,128.193,99.465,38.614,100.516,82.622,26.933,2161.496,0.598688
DSU-SYN-41,28,117.548,91.477,34.098,108.642,77.189,26.553,1942.442,0.645656
DSU-SYN-41,29,127.147,90.515,36.399,118.243,77.069,26.396,2061.48,0.689974
DSU-SYN-41,30,124.911,101.333,36.379,104.041,91.411,24.944,1954.424,0.731059
DSU-SYN-41,31,120.891,84.665,31.903,106.091,80.514,28.821,2122.085,0.768525
DSU-SYN-41,32,128.12,87.038,38.78,117.357,83.976,27.068,1999.596,0.802184
DSU-SYN-41,33,131.01,100.945,37.521,106.1,81.233,25.086,2071.843,0.832018
DSU-SYN-41,34,129.448,93.909,39.352,112.467,77.543,24.995,2065.515,0.858149
DSU-SYN-41,35,125.684,101.893,41.84,115.759,83.893,22.938,2127.109,0.880797
DSU-SYN-41,36,123.016,101.422,33.033,113.474,78.324,26.4,2164.169,0.90025
DSU-SYN-41,37,132.374,93.264,39.033,107.557,85.374,28.999,2145.764,0.916827
DSU-SYN-41,38,124.871,92.425,39.738,105.29,78.516,28.056,2095.988,0.930862
DSU-SYN-41,39,120.465,100.787,34.507,110.904,80.701,25.857,2068.348,0.942676
DSU-SYN-41,40,131.479,94.765,39.764,108.664,97.414,21.882,2022.282,0.952574
DSU-SYN-41,41,136.822,96.73,38.199,115.088,88.208,27.427,2068.106,0.960834
DSU-SYN-41,42,132.271,97.787,40.95,123.237,86.901,23.638,2261.857,0.967705
DSU-SYN-41,43,123.192,96.276,36.765,110.193,89.618,27.342,2175.417,0.973403
DSU-SYN-41,44,124.289,93.801,35.506,111.686,84.414,31.361,2122.748,0.978119
DSU-SYN-41,45,117.81,101.717,38.572,112.18,82.581,24.4,2277.737,0.982014
DSU-SYN-41,46,128.755,86.11,38.284,120.274,86.208,24.526,2073.662,0.985226
DSU-SYN-41,47,123.957,102.455,37.299,103.023,87.627,27.144,2112.408,0.987872
DSU-SYN-41,48,123.481,89.566,40.205,114.628,88.237,27.412,2167.422,0.990048
DSU-SYN-41,49,126.273,93.889,40.409,121.67,78.069,26.287,2203.77,0.991837
DSU-SYN-41,50,138.052,103.854,35.515,120.865,85.782,29.425,2200.641,0.993307
DSU-SYN-42,1,99.457,97.391,30.037,81.531,80.669,28.463,1388.303,0.008163
DSU-SYN-42,2,106.852,90.062,26.717,82.618,78.831,32.406,1218.492,0.009952
DSU-SYN-42,3,112.595,94.792,24.794,66.981,88.401,33.804,1356.388,0.012128
DSU-SYN-42,4,110.214,99.064,28.041,80.272,79.776,33.472,1440.226,0.014774
DSU-SYN-42,5,105.439,102.2,28.504,84.152,96.774,36.565,1460.9,0.017986
DSU-SYN-42,6,102.035,105.849,27.384,80.589,69.465,33.265,1268.731,0.021881
DSU-SYN-42,7,108.15,89.165,32.107,85.367,96.194,29.912,1454.423,0.026597
DSU-SYN-42,8,97.197,96.116,26.062,79.495,79.53,30.206,1259.512,0.032295
DSU-SYN-42,9,104.122,95.779,30.584,84.106,89.766,28.827,1319.443,0.039166
DSU-SYN-42,10,110.038,97.064,25.562,88.12,79.744,30.613,1386.316,0.047426
DSU-SYN-42,11,106.692,92.911,26.371,76.315,80.755,35.348,1372.317,0.057324
DSU-SYN-42,12,111.667,98.319,26.291,73.099,77.805,30.97,1306.342,0.069138
DSU-SYN-42,13,112.032,100.844,33.42,78.72,93.231,36.685,1346.695,0.083173
DSU-SYN-42,14,109.793,102.493,27.824,82.848,80.214,26.876,1372.86,0.09975
DSU-SYN-42,15,104.226,91.263,29.122,75.387,89.204,34.067,1345.749,0.119203
DSU-SYN-42,16,107.866,91.096,30.053,85.717,86.391,34.208,1335.588,0.141851
DSU-SYN-42,17,101.058,102.304,30.027,81.956,87.798,36.208,1468.105,0.167982
DSU-SYN-42,18,106.367,90.611,25.159,83.954,94.714,31.367,1355.603,0.197816
DSU-SYN-42,19,106.712,96.002,28.589,78.884,93.119,32.968,1580.983,0.231475
DSU-SYN-42,20,104.603,107.284,32.279,84.919,84.992,31.184,1354.996,0.268941
DSU-SYN-42,21,111.207,100.178,24.996,102.054,86.627,33.824,1387.173,0.310026
DSU-SYN-42,22,110.673,99.083,29.212,89.18,93.899,34.414,1493.604,0.354344
DSU-SYN-42,23,112.804,102.874,28.846,96.32,91.945,33.648,1445.241,0.401312
DSU-SYN-42,24,113.186,102.749,29.547,88.023,95.576,36.318,1597.921,0.450166
DSU-SYN-42,25,111.611,106.826,25.16,97.447,83.244,31.997,1511.257,0.5
DSU-SYN-42,26,112.419,100.599,28.965,97.946,87.383,34.531,1476.446,0.549834
DSU-SYN-42,27,120.505,109.51,25.828,100.914,90.293,35.463,1451.884,0.598688
DSU-SYN-42,28,119.107,118.873,30.964,92.918,93.503,31.397,1633.126,0.645656
DSU-SYN-42,29,119.614,101.669,28.323,96.743,101.375,32.378,1622.932,0.689974
DSU-SYN-42,30,118.33,103.002,29.896,108.047,88.275,33.598,1624,0.731059
DSU-SYN-42,31,120.545,104.371,33.66,104.454,99.342,34.054,1536.478,0.768525
DSU-SYN-42,32,121.492,102.374,34.733,109.322,96.611,36.617,1661.663,0.802184
DSU-SYN-42,33,130.384,117.255,27.221,97.883,101.628,34.616,1712.401,0.832018
DSU-SYN-42,34,129.223,105.861,31.281,95.854,97.976,35.398,1662.244,0.858149
DSU-SYN-42,35,117.042,97.265,27.787,94.68,95.665,36.525,1526.655,0.880797
DSU-SYN-42,36,115.779,106.051,29.105,97.951,96.405,37.861,1538.809,0.90025
DSU-SYN-42,37,120.345,108.272,33.997,100.717,106.624,33.327,1609.594,0.916827
DSU-SYN-42,38,119.506,105.119,31.875,112.349,95.483,35.948,1525.404,0.930862
DSU-SYN-42,39,115.302,107.526,30.977,99.778,99.481,32.196,1576.988,0.942676
DSU-SYN-42,40,125.285,104.849,31.262,104.186,96.341,37.212,1517.295,0.952574
DSU-SYN-42,41,127.367,113.618,32.33,109.36,99.224,34.848,1722.33,0.960834
DSU-SYN-42,42,132.252,108.445,31.94,109.032,100.869,37.908,1682.941,0.967705
DSU-SYN-42,43,120.339,114.112,32.237,95.586,95.513,34.815,1695.019,0.973403
DSU-SYN-42,44,128.043,115.85,33.376,105.468,103.211,37.485,1664.712,0.978119
DSU-SYN-42,45,116.284,108.219,29.722,109.719,111.548,31.059,1742.143,0.982014
DSU-SYN-42,46,123.797,117.292,33.576,111.79,102.946,33.087,1626.172,0.985226
DSU-SYN-42,47,125.99,111.196,33.967,102.811,98.168,33.792,1606.936,0.987872
DSU-SYN-42,48,124.473,102.518,30.384,91.273,98.082,39.509,1551.988,0.990048
DSU-SYN-42,49,126.998,126.591,35.976,104.094,106.971,33.099,1525.414,0.991837
DSU-SYN-42,50,123.653,114.367,35.086,99.913,103.01,36.927,1626.796,0.993307
DSU-SYN-43,1,101.942,95.992,30.219,81.143,54.686,28.339,2185.32,0.008163
DSU-SYN-43,2,105.724,95.085,29.778,74.544,57.941,24.413,2203.31,0.009952
DSU-SYN-43,3,106.293,106.101,32.169,78.436,54.852,31.045,2103.003,0.012128
DSU-SYN-43,4,95.651,105.421,29.912,89.154,58.916,26.652,2222.184,0.014774
DSU-SYN-43,5,94.789,97.515,27.35,67.018,62.761,25.322,2179.695,0.017986
DSU-SYN-43,6,104.497,103.548,28.449,75.689,58.139,29.03,2113.961,0.021881
DSU-SYN-43,7,99.127,94.602,30.121,77.054,57.264,26.155,2087.792,0.026597
DSU-SYN-43,8,104.208,103.472,34.551,85.052,67.371,24.729,2008.546,0.032295
DSU-SYN-43,9,102.791,105.113,31.425,87.923,42.727,29.937,2146.155,0.039166
DSU-SYN-43,10,95.291,104.589,30.136,83.124,64.106,27.915,2022.053,0.047426
DSU-SYN-43,11,102.475,93.062,31.384,89.442,50.86,25.202,2066.354,0.057324
DSU-SYN-43,12,101.133,103.425,28.711,85.229,64.938,29.685,2053.392,0.069138
DSU-SYN-43,13,110.585,108.946,33.769,80.676,54.315,24.529,2058.75,0.083173
DSU-SYN-43,14,104.012,106.153,33.235,79.074,58.925,26.798,2096.379,0.09975
DSU-SYN-43,15,107.982,104.078,30.419,84.565,63.239,28.654,2087.99,0.119203
DSU-SYN-43,16,109.193,103.948,29.088,84.319,62.067,29.94,2080.247,0.141851
DSU-SYN-43,17,111.806,103.258,29.038,80.268,54.514,22.993,2208.736,0.167982
DSU-SYN-43,18,115.623,95.591,28.073,88.655,60.845,29.557,2163.147,0.197816
DSU-SYN-43,19,103.421,103.155,24.659,78.025,67.482,30.592,2278.797,0.231475
DSU-SYN-43,20,109.203,93.679,29.21,93.658,72.28,31.176,2175.068,0.268941
DSU-SYN-43,21,101.205,105.495,31.036,96.007,64.73,27.984,2209.075,0.310026
DSU-SYN-43,22,110.535,109.629,29.405,81.243,72.473,24.026,2331.868,0.354344
DSU-SYN-43,23,99.828,104.419,33.876,88.624,57.29,29.392,2236.007,0.401312
DSU-SYN-43,24,109.181,105.102,31.599,86.205,80.773,27.931,2219.81,0.450166
DSU-SYN-43,25,108.45,118.003,27.832,92.95,65.727,25.181,2203.588,0.5
DSU-SYN-43,26,113.64,105.693,32.823,102.264,69.183,25.315,2216.597,0.549834
DSU-SYN-43,27,111.507,109.133,32.794,94.839,79.52,29.145,2209.876,0.598688
DSU-SYN-43,28,119.549,118.055,33.225,92.519,73.811,28.824,2160.72,0.645656
DSU-SYN-43,29,117.395,116.999,36.464,90.588,72.319,30.157,2323.892,0.689974
DSU-SYN-43,30,115.891,113.463,33.592,100.321,79.106,27.82,2318.18,0.731059
DSU-SYN-43,31,113.878,111.123,29.206,96.846,75.409,29.48,2340.853,0.768525
DSU-SYN-43,32,118.689,121.613,32.361,90.412,72.664,34.718,2270.315,0.802184
DSU-SYN-43,33,120.385,120.884,27.643,100.559,77.423,29.466,2315.278,0.832018
DSU-SYN-43,34,114.651,113.922,32.93,95.728,72.259,33.221,2283.358,0.858149
DSU-SYN-43,35,109.267,122.006,33.316,96.841,74.111,30.863,2338.479,0.880797
DSU-SYN-43,36,120.892,111.511,33.137,86.311,82.201,29.981,2427.905,0.90025
DSU-SYN-43,37,121.044,119.37,33.953,102.293,69.731,27.563,2378.894,0.916827
DSU-SYN-43,38,115.514,124.001,34.979,95.973,74.151,30.882,2385.421,0.930862
DSU-SYN-43,39,120.485,117.43,30.622,87.627,73.774,32,2368.36,0.942676
DSU-SYN-43,40,125.487,117.03,37.541,107.661,82.522,27.632,2397.895,0.952574
DSU-SYN-43,41,125.567,118.775,35.574,92.604,87.892,28.697,2259.564,0.960834
DSU-SYN-43,42,117.821,105.299,31.509,116.434,74.236,27.135,2403.005,0.967705
DSU-SYN-43,43,115.19,121.962,32.026,102.832,69.748,37.226,2438.198,0.973403
DSU-SYN-43,44,119.036,116.259,32.889,96.746,71.995,34.944,2365.676,0.978119
DSU-SYN-43,45,109.187,111.965,36.611,99.884,75.998,33.689,2351.126,0.982014
DSU-SYN-43,46,123.054,114.513,35.747,99.121,75.418,32.828,2458.853,0.985226
DSU-SYN-43,47,119.112,115.542,38.318,105.062,74.573,29.156,2479.027,0.987872
DSU-SYN-43,48,120.556,117.121,34.619,103.601,76.623,33.807,2496.091,0.990048
DSU-SYN-43,49,122.67,124.845,34.361,105.756,83.026,33.353,2472.594,0.991837
DSU-SYN-43,50,123.193,127.783,32.998,100.715,75.742,29.892,2269.701,0.993307
DSU-SYN-44,1,93.615,103.383,26.822,75.79,70.2,21.399,1956.939,0.008163
DSU-SYN-44,2,87.745,105.041,24.971,85.391,71.311,21.324,1967.61,0.009952
DSU-SYN-44,3,86.929,111.281,30.074,77.98,64.647,26.318,2175.763,0.012128
DSU-SYN-44,4,81.894,104.938,27.383,81,62.052,24.001,2146.9,0.014774
DSU-SYN-44,5,80.37,116.181,25.009,86.612,76.217,24.217,2018.58,0.017986
DSU-SYN-44,6,90.578,107.894,27.768,83.395,71.917,19.934,1969.626,0.021881
DSU-SYN-44,7,80.028,108.563,22.664,80.576,60.199,27.139,1972.64,0.026597
DSU-SYN-44,8,80.742,110.189,30.733,84.156,66.726,26.69,2105.173,0.032295
DSU-SYN-44,9,89.426,106.159,27.689,76.838,63.354,27.071,2136.897,0.039166
DSU-SYN-44,10,89.635,99.573,23.569,81.108,66.231,20.401,2030.994,0.047426
DSU-SYN-44,11,96.462,111.402,27.185,79.297,57.625,20.498,1933.648,0.057324
DSU-SYN-44,12,88.213,111.53,24.283,86.55,76.509,28.512,2108.678,0.069138
DSU-SYN-44,13,87.217,113.554,30.144,73.928,76.868,22.316,2021.512,0.083173
DSU-SYN-44,14,86.615,111.762,24.068,84.627,71.459,24.293,2090.59,0.09975
DSU-SYN-44,15,87.119,113.98,29.583,92.743,71.262,26.176,2130.743,0.119203
DSU-SYN-44,16,102.53,117.01,26.831,81.792,67.582,23.094,2112.363,0.141851
DSU-SYN-44,17,86.116,117.35,23.707,78.042,68.861,21.927,1996.326,0.167982
DSU-SYN-44,18,86.969,108.119,27.352,84.771,67.034,24.146,2164.35,0.197816
DSU-SYN-44,19,98.114,113.271,28.055,88.135,73.829,25.275,2196.26,0.231475
DSU-SYN-44,20,81.991,112.034,28.523,89.9,66.056,21.209,2171.133,0.268941
DSU-SYN-44,21,88.389,105.172,30.018,93.716,71.818,22.343,2119.075,0.310026
DSU-SYN-44,22,99.05,106.671,24.184,88.17,73.239,23.575,2185.308,0.354344
DSU-SYN-44,23,99.261,116.983,29.725,94.603,74.396,21.779,2082.442,0.401312
DSU-SYN-44,24,87.942,115.726,29.144,85.35,75.751,23.03,2094.214,0.450166
DSU-SYN-44,25,92.467,111.764,30.324,94.133,81.204,24.319,2155.61,0.5
DSU-SYN-44,26,105.858,110.148,32.263,106.165,81.904,24.811,2298.841,0.549834
DSU-SYN-44,27,95.761,115.613,28.32,93.891,72.606,28.617,2159.473,0.598688
DSU-SYN-44,28,98.067,112.769,29.598,91.41,72.143,25.766,2301.693,0.645656
DSU-SYN-44,29,101.215,123.331,29.413,97.307,84.859,24.818,2299.411,0.689974
DSU-SYN-44,30,105.932,117.318,28.203,96.951,72.132,25.225,2344.427,0.731059
DSU-SYN-44,31,95.199,128.825,29.04,113.733,77.592,26.196,2200.853,0.768525
DSU-SYN-44,32,97.594,129.496,31.474,107.962,74.462,28.334,2206.662,0.802184
DSU-SYN-44,33,94.883,124.536,31.006,102.766,87.258,29.006,2386.495,0.832018
DSU-SYN-44,34,96.089,131.323,35.268,100.823,73.464,23.473,2259.123,0.858149
DSU-SYN-44,35,112.519,124.306,29.13,99.407,75.992,29.214,2291.802,0.880797
DSU-SYN-44,36,113.297,127.711,32.843,102.494,77.771,24.925,2208.236,0.90025
DSU-SYN-44,37,107.649,122.944,33.231,105.127,82.892,24.254,2330.171,0.916827
DSU-SYN-44,38,102.256,129.632,29.13,108.317,94.775,27.919,2368.237,0.930862
DSU-SYN-44,39,106.421,134.825,31.905,109.08,84.948,25.351,2232.238,0.942676
DSU-SYN-44,40,110.075,120.47,32.89,107.594,90.871,26.042,2264.429,0.952574
DSU-SYN-44,41,105.781,124.199,27.988,116.911,80.781,24.879,2305.309,0.960834
DSU-SYN-44,42,110.277,114.951,34.024,99.962,87.254,25.702,2463.754,0.967705
DSU-SYN-44,43,104.738,122.347,30.374,106.094,86.846,28.513,2325.931,0.973403
DSU-SYN-44,44,97.314,124.271,32.667,101.641,89.911,27.515,2312.202,0.978119
DSU-SYN-44,45,110.241,117.352,29.481,113.14,96.933,33.167,2332.137,0.982014
DSU-SYN-44,46,106.617,130.187,34.373,107.695,91.574,28.615,2366.131,0.985226
DSU-SYN-44,47,99.784,124.502,29.891,98.741,76.16,26.418,2311.898,0.987872
DSU-SYN-44,48,104.94,128.965,31.679,104.381,80.623,29.679,2323.895,0.990048
DSU-SYN-44,49,102.278,125.287,29.386,102.778,82.774,26.775,2377.462,0.991837
DSU-SYN-44,50,106.509,133.979,34.254,117.733,89.533,28.857,2297.881,0.993307
DSU-SYN-45,1,116.269,115.654,30.251,100.485,95.339,28.326,1889.863,0.008163
DSU-SYN-45,2,117.804,125.282,35.259,98.844,102.914,32.822,2004.255,0.009952
DSU-SYN-45,3,107.707,119.354,33.565,89.911,92.971,28.213,1855.674,0.012128
DSU-SYN-45,4,99.631,117.334,32.07,86.303,84.348,25.13,1941.315,0.014774
DSU-SYN-45,5,109.145,121.048,37.457,94.641,109.189,30.043,1883.113,0.017986
DSU-SYN-45,6,114.581,124.157,32.904,86.885,106.291,23.583,1879.442,0.021881
DSU-SYN-45,7,109.137,121.519,34.565,97.927,97.672,24.868,1993.691,0.026597
DSU-SYN-45,8,108.58,116.352,29.403,93.603,112.565,24.757,2030.246,0.032295
DSU-SYN-45,9,112.4,110.666,31.842,86.27,101.555,28.408,2090.212,0.039166
DSU-SYN-45,10,105.69,117.218,31.879,84.583,104.192,27.398,1836.299,0.047426
DSU-SYN-45,11,113.114,113.793,34.198,100.025,106.596,27.88,1929.222,0.057324
DSU-SYN-45,12,113.571,122.849,35.386,92.073,105.358,24.194,1918.376,0.069138
DSU-SYN-45,13,117.027,124.495,34.529,101.851,107.383,26.961,1888.607,0.083173
DSU-SYN-45,14,120.981,124.435,38.872,106.343,96.945,24.403,1778.539,0.09975
DSU-SYN-45,15,118.729,124.216,34.716,86.413,104.521,28.157,2039.59,0.119203
DSU-SYN-45,16,115.91,124.66,34.272,101.357,109.299,24.823,2088.839,0.141851
DSU-SYN-45,17,121.143,124.139,35.412,104.794,96.231,31.004,1966.098,0.167982
DSU-SYN-45,18,121.028,122.95,31.749,92.52,112.758,27.5,1964.879,0.197816
DSU-SYN-45,19,113.018,126.166,39.398,83.394,124.105,28.677,2059.096,0.231475
DSU-SYN-45,20,114.651,123.611,35.686,90.769,103.216,31.286,1921.056,0.268941
DSU-SYN-45,21,119.778,122.516,33.004,109.799,103.145,25.672,2028.957,0.310026
DSU-SYN-45,22,114.527,125.198,36.012,100.351,109.015,26.928,2100.379,0.354344
DSU-SYN-45,23,118.657,123.533,39.553,99.248,117.249,31.948,2159.569,0.401312
DSU-SYN-45,24,123.551,126.888,35.933,99.586,98.673,30.883,2101.2,0.450166
DSU-SYN-45,25,125.119,127.203,37.999,93.882,105.656,23.104,2089.633,0.5
DSU-SYN-45,26,118.026,124.168,37.418,100.691,105.069,35.866,2111.397,0.549834
DSU-SYN-45,27,117.352,126.215,36.388,103.267,122.458,29.511,2258.509,0.598688
DSU-SYN-45,28,121.452,132.542,39.606,112.523,123.456,29.227,2142.351,0.645656
DSU-SYN-45,29,112.014,130.227,39.996,111.708,115.952,34.341,2129.15,0.689974
DSU-SYN-45,30,121.57,129.606,34.663,110.965,119.023,31.79,2139.349,0.731059
DSU-SYN-45,31,125.535,121.729,38.593,108.648,111.438,30.161,2161.546,0.768525
DSU-SYN-45,32,135.253,127.921,38.646,102.251,115.368,31.256,2174.898,0.802184
DSU-SYN-45,33,126.938,135.428,36.73,114.756,117.479,30.446,2223.935,0.832018
DSU-SYN-45,34,128.574,137.456,38.884,112.841,117.882,28.127,2106.548,0.858149
DSU-SYN-45,35,119.493,143.456,32.671,117.687,115.362,33.86,2059.099,0.880797
DSU-SYN-45,36,127.021,142.262,40.081,108.929,109.018,27.67,2316.353,0.90025
DSU-SYN-45,37,126.754,134.932,39.088,103.5,123.451,29.997,2244.645,0.916827
DSU-SYN-45,38,125.857,127.678,37.38,115.471,123.653,31.182,2291.166,0.930862
DSU-SYN-45,39,127.942,136.037,37.307,117.626,123.274,29.762,2127.609,0.942676
DSU-SYN-45,40,134.663,132.214,38.735,126.219,126.532,35.224,2197.141,0.952574
DSU-SYN-45,41,134.642,136.216,39.51,124.411,120.216,31.279,2174.063,0.960834
DSU-SYN-45,42,133.853,133.403,41.186,102.537,125.317,29.65,2290.485,0.967705
DSU-SYN-45,43,129.445,133.632,37.69,107.46,127.166,28.662,2222.363,0.973403
DSU-SYN-45,44,131.324,144.461,38.657,111.211,123.875,26.119,2158.568,0.978119
DSU-SYN-45,45,127.791,132.899,34.697,117.898,123.87,31.67,2195.063,0.982014
DSU-SYN-45,46,130.123,139.094,38.052,115.49,117.599,31.577,2324.581,0.985226
DSU-SYN-45,47,135.934,143.207,39.442,113.07,119.736,26.825,2151.256,0.987872
DSU-SYN-45,48,128.972,136.067,42.269,120.817,118.353,33.399,2212.658,0.990048
DSU-SYN-45,49,133.258,140.671,41.852,110.012,128.594,26.679,2337.324,0.991837
DSU-SYN-45,50,129.746,136.649,33.661,110.668,130.67,30.3,2296.972,0.993307
DSU-SYN-46,1,101.761,104.259,25.032,93.443,65.184,32.949,1802.967,0.008163
DSU-SYN-46,2,101.038,110.256,27.46,103.974,66.785,30.779,1822.06,0.009952
DSU-SYN-46,3,90.745,100.992,24.17,96.122,63.752,25.073,1642.999,0.012128
DSU-SYN-46,4,107.94,101.375,18.553,95.721,70.261,28.274,1857.265,0.014774
DSU-SYN-46,5,107.014,92.339,24.243,96.561,56.706,25.352,1714.657,0.017986
DSU-SYN-46,6,98.63,100.609,27.231,102.417,69.622,28.337,1814.457,0.021881
DSU-SYN-46,7,101.178,97.07,29.386,85.456,53.974,29.98,1755.113,0.026597
DSU-SYN-46,8,94.838,94.107,22.36,104.919,72.602,33.146,1664.141,0.032295
DSU-SYN-46,9,95.311,92.325,27.927,102.219,65.947,29.65,1773.458,0.039166
DSU-SYN-46,10,96.689,102.218,24.28,92.696,69.076,28.046,1795.834,0.047426
DSU-SYN-46,11,101.848,104.287,25.344,94.813,67.761,30.039,1818.673,0.057324
DSU-SYN-46,12,107.865,96.963,26.521,90.026,65.345,28.515,1887.774,0.069138
DSU-SYN-46,13,102.157,103.336,20.516,98.573,61.267,35.45,1743.959,0.083173
DSU-SYN-46,14,103.603,101.227,21.028,97.892,69.106,29.545,1634.579,0.09975
DSU-SYN-46,15,100.752,106.048,26.568,108.785,61.152,32.615,1798.335,0.119203
DSU-SYN-46,16,111.956,101.368,20.089,107.07,64.858,28.567,1706.521,0.141851
DSU-SYN-46,17,112.576,99.217,29.274,99.962,62.475,32.916,1810.944,0.167982
DSU-SYN-46,18,104.684,95.951,24.338,105.778,60.843,28.395,1795.596,0.197816
DSU-SYN-46,19,105.94,110.363,24.897,99.804,85.79,28.801,1821.779,0.231475
DSU-SYN-46,20,104.493,102.256,26.025,110.296,72.485,32.734,1919.447,0.268941
DSU-SYN-46,21,108.064,106.261,28.804,99.007,85.872,28.932,1834.123,0.310026
DSU-SYN-46,22,101.76,99.266,28.684,120.271,68.365,31.268,1887.398,0.354344
DSU-SYN-46,23,113.666,117.116,30.282,106.251,75.881,32.167,1884.67,0.401312
DSU-SYN-46,24,104.064,102.908,29.589,116.266,72.44,31.455,1984.541,0.450166
DSU-SYN-46,25,101.92,105.567,32.008,111.65,67.907,31.305,1987.183,0.5
DSU-SYN-46,26,98.605,109.577,26.276,101.099,76.17,30.88,1928.947,0.549834
DSU-SYN-46,27,110.476,104.468,23.809,107.881,81.811,32.009,1940.447,0.598688
DSU-SYN-46,28,107.864,108.551,29.519,116.087,74.732,25.095,1912.14,0.645656
DSU-SYN-46,29,111.447,106.683,26.861,118.933,78.258,34.284,1867.089,0.689974
DSU-SYN-46,30,113.075,102.262,27.029,108.664,86.991,33.006,2056.038,0.731059
DSU-SYN-46,31,113.128,107.533,25.65,117.354,90.914,33.171,1970.007,0.768525
DSU-SYN-46,32,114.937,113.081,33.51,123.904,82.285,32.555,2027.293,0.802184
DSU-SYN-46,33,118.889,111.709,26.48,123.352,81.454,34.778,2130.519,0.832018
DSU-SYN-46,34,119.491,116.038,36.718,118.976,75.302,31.813,2131.745,0.858149
DSU-SYN-46,35,110.825,110.891,31.595,116.602,81.637,35.295,1979.744,0.880797
DSU-SYN-46,36,110.303,108.059,30.379,120.214,78.532,29.796,2016.818,0.90025
DSU-SYN-46,37,123.527,111.122,27.349,111.881,80.814,33.608,2188.793,0.916827
DSU-SYN-46,38,119.286,115.286,31.231,123.51,79.833,38.577,2043.234,0.930862
DSU-SYN-46,39,119.591,118.523,29.997,128.745,79.996,34.829,2060.005,0.942676
DSU-SYN-46,40,123.501,114.87,28.304,124.203,85.881,30.862,2145.648,0.952574
DSU-SYN-46,41,122.399,115.723,28.05,122.177,87.862,28.962,2080.231,0.960834
DSU-SYN-46,42,122.123,104.455,29.745,124.311,87.521,34.982,2033.065,0.967705
DSU-SYN-46,43,113.763,107.321,32.013,124.487,91.161,31.187,2113.972,0.973403
DSU-SYN-46,44,111.534,112.057,29.621,124.352,94.319,32.42,1998.516,0.978119
DSU-SYN-46,45,114.532,113.036,34.877,125,90.998,32.439,2060.172,0.982014
DSU-SYN-46,46,122.672,114.004,28.612,116.481,81.702,33.172,2003.731,0.985226
DSU-SYN-46,47,120.653,118.003,28.905,115.623,85.069,31.799,2065.306,0.987872
DSU-SYN-46,48,124.753,110.355,34.798,120.2,86.954,31.188,2142.652,0.990048
DSU-SYN-46,49,118.666,114.681,27.934,119.064,87.029,33.509,2060.444,0.991837
DSU-SYN-46,50,115.764,112.832,28.228,123.469,88.522,35.076,2063.572,0.993307
DSU-SYN-47,1,121.12,106.315,32.787,94.115,57.475,22.102,1551.77,0.008163
DSU-SYN-47,2,119.91,101.523,35.375,104.737,50.146,24.249,1510.383,0.009952
DSU-SYN-47,3,115.515,106.24,34.694,98.941,67.913,26.82,1664.4,0.012128
DSU-SYN-47,4,112.422,106.061,38.344,100.783,70.379,27.4,1656.225,0.014774
DSU-SYN-47,5,132.547,107.816,36.469,96.691,54.433,24.91,1473.555,0.017986
DSU-SYN-47,6,116.801,106.828,39.585,102.379,54.219,29.947,1605.989,0.021881
DSU-SYN-47,7,120.734,99.401,35.683,102.115,61.114,25.046,1612.92,0.026597
DSU-SYN-47,8,112.42,107.109,40.782,102.462,59.458,28.71,1510.59,0.032295
DSU-SYN-47,9,114.901,117.034,38.74,94.359,60.015,22.813,1620.15,0.039166
DSU-SYN-47,10,120.896,107.964,34.436,97.863,57.335,22.399,1691.938,0.047426
DSU-SYN-47,11,130.935,117.755,39.009,94.898,60.288,25.92,1576.819,0.057324
DSU-SYN-47,12,126.894,98.076,36.703,101.558,55.875,24.355,1651.335,0.069138
DSU-SYN-47,13,128.143,102.038,34.091,91.384,52.002,21.349,1545.904,0.083173
DSU-SYN-47,14,127.018,107.246,37.67,91.693,65.36,29.774,1556.83,0.09975
DSU-SYN-47,15,129.824,110.978,37.729,100.254,64.291,29.809,1661.215,0.119203
DSU-SYN-47,16,124.314,107.456,39.896,92.61,63.055,32.469,1456.301,0.141851
DSU-SYN-47,17,123.244,111.392,37.356,97.699,63.472,24.741,1654.972,0.167982
DSU-SYN-47,18,120.178,120.683,37.442,103,59.506,27.829,1699.726,0.197816
DSU-SYN-47,19,125.318,106.04,36.356,110.44,59.612,27.24,1592.354,0.231475
DSU-SYN-47,20,128.938,108.419,36.013,96.874,61.619,26.806,1674.578,0.268941
DSU-SYN-47,21,119.16,112.451,35.764,105.913,70.725,25.907,1701.062,0.310026
DSU-SYN-47,22,134.194,112.601,36.479,106.502,59.854,25.627,1653.413,0.354344
DSU-SYN-47,23,122.769,112.984,41.319,110.694,73.147,27.192,1691.392,0.401312
DSU-SYN-47,24,115.369,116.952,33.611,93.594,67.597,27.217,1692.513,0.450166
DSU-SYN-47,25,135.733,118.321,38.93,114.549,78.954,28.047,1684.771,0.5
DSU-SYN-47,26,126.201,109.674,39.691,101.027,68.586,27.626,1615.129,0.549834
DSU-SYN-47,27,123.513,115.253,39.905,105.439,69.914,25.414,1667.187,0.598688
DSU-SYN-47,28,128.003,117.566,39.491,110.106,74.99,29.081,1738.387,0.645656
DSU-SYN-47,29,123.596,125.788,41.448,104.682,75.029,30.233,1917.073,0.689974
DSU-SYN-47,30,133.467,125.468,37.661,111.099,72.175,28.592,1921.14,0.731059
DSU-SYN-47,31,134.138,116.155,37.71,122.013,78.017,29.013,1795.535,0.768525
DSU-SYN-47,32,134.834,116.515,42.002,105.83,73.451,26.427,1601.678,0.802184
DSU-SYN-47,33,132.297,117.492,40.654,113.546,86.811,28.921,1862.032,0.832018
DSU-SYN-47,34,136.98,126.816,42.444,115.8,80.994,22.203,1992.717,0.858149
DSU-SYN-47,35,142.858,123.95,37.887,121.87,73.016,29.699,1763.474,0.880797
DSU-SYN-47,36,146.391,116.004,41.687,102.303,77.321,27.383,1938.716,0.90025
DSU-SYN-47,37,133.431,129.206,39.035,113.709,76.329,29.755,1889.873,0.916827
DSU-SYN-47,38,139.422,125.1,43.318,110.323,80.514,32.595,1750.698,0.930862
DSU-SYN-47,39,138.468,127.362,45.375,120.326,79.019,29.7,1820.389,0.942676
DSU-SYN-47,40,134.261,117.478,45.488,118.888,73.118,29.344,1955.965,0.952574
DSU-SYN-47,41,141.314,119.667,33.977,118.742,73.459,30.257,1943.808,0.960834
DSU-SYN-47,42,142.042,133.153,44.936,127.018,87.192,32.395,1876.489,0.967705
DSU-SYN-47,43,130.13,136.943,42.03,124.018,75.73,31.163,1709.912,0.973403
DSU-SYN-47,44,134.609,124.125,43.053,123.182,72.561,30.423,1968.341,0.978119
DSU-SYN-47,45,148.461,128.22,40.766,109.205,90.179,30.633,1882.105,0.982014
DSU-SYN-47,46,128.69,120.089,43.509,119.029,67.59,30.385,1774.816,0.985226
DSU-SYN-47,47,143.607,125.835,40.785,122.905,81.442,32.127,1891.033,0.987872
DSU-SYN-47,48,137.57,123.405,42.612,127.2,76.348,30.443,1824.422,0.990048
DSU-SYN-47,49,126.574,125.901,42.889,116.391,70.424,29.592,1905.232,0.991837
DSU-SYN-47,50,132.491,118.122,41.339,121.001,81.93,26.635,1896.616,0.993307
DSU-SYN-48,1,103.363,110.418,31.386,83.432,59.335,28.087,1696.811,0.008163
DSU-SYN-48,2,97.849,114.599,33.819,74.317,52.902,24.959,1616.933,0.009952
DSU-SYN-48,3,102.699,111.95,30.573,81.343,66.704,21.393,1671.292,0.012128
DSU-SYN-48,4,97.976,121.857,27.771,74.814,70.176,25.008,1502.641,0.014774
DSU-SYN-48,5,87.17,124.075,31.896,82.611,72.753,26.732,1563.921,0.017986
DSU-SYN-48,6,101.623,123.691,31.502,87.107,58.263,21.239,1656.749,0.021881
DSU-SYN-48,7,95.166,126.83,34.661,85.326,72.66,22.972,1472.844,0.026597
DSU-SYN-48,8,106.838,109.218,35.308,79.943,67.01,26.405,1623.278,0.032295
DSU-SYN-48,9,98.474,123.968,34.858,77.011,64.005,28.593,1451.19,0.039166
DSU-SYN-48,10,101.854,120.686,29.349,82.101,67.612,23.999,1662.673,0.047426
DSU-SYN-48,11,94.384,121.513,26.513,78.19,68.231,24.055,1625.49,0.057324
DSU-SYN-48,12,99.627,122.653,32.927,79.452,69.956,24.274,1580.634,0.069138
DSU-SYN-48,13,101.519,116.765,34.374,77.605,70.741,22.007,1671.997,0.083173
DSU-SYN-48,14,97.67,112.717,35.792,81.595,74.679,26.719,1604.424,0.09975
DSU-SYN-48,15,99.528,122.176,34.603,77.428,81.641,25.171,1519.199,0.119203
DSU-SYN-48,16,92.726,110.249,30.848,76.944,73.754,25.688,1682.61,0.141851
DSU-SYN-48,17,102.029,119.226,30.567,87.446,60.992,26.623,1618.698,0.167982
DSU-SYN-48,18,106.25,119.591,32.179,77.967,79.138,26.001,1778.24,0.197816
DSU-SYN-48,19,104.308,120.41,31.959,83.693,67.921,26.5,1651.031,0.231475
DSU-SYN-48,20,105.248,122.726,33.51,81.701,81.614,27.35,1844.121,0.268941
DSU-SYN-48,21,104.61,126.51,30.892,90.44,68.796,27.606,1655.517,0.310026
DSU-SYN-48,22,107.419,121.339,30.951,81.381,83.158,27.82,1597.103,0.354344
DSU-SYN-48,23,111.481,118.901,35.012,87.363,78.546,31.482,1643.408,0.401312
DSU-SYN-48,24,109.938,130.536,31.785,80.644,74.102,27.866,1617.336,0.450166
DSU-SYN-48,25,110.538,118.093,36.871,89.298,88.301,28.936,1709.686,0.5
DSU-SYN-48,26,104.684,127.226,33.806,94.428,72.247,32.525,1835.204,0.549834
DSU-SYN-48,27,108.539,135.9,32.163,89.62,71.137,32.295,1645.308,0.598688
DSU-SYN-48,28,103.2,124.583,37.657,95.148,80.467,30.423,1766.637,0.645656
DSU-SYN-48,29,113.312,136.813,33.952,85.796,83.443,29.912,1795.743,0.689974
DSU-SYN-48,30,116.957,128.287,35.089,93.546,83.167,32.268,1826.206,0.731059
DSU-SYN-48,31,111.095,132.608,37.476,96.768,86.505,24.647,1637.101,0.768525
DSU-SYN-48,32,119.596,132.768,35.064,97.029,94.429,32.067,1889.03,0.802184
DSU-SYN-48,33,109.323,127.327,29.299,97.32,90.114,31.634,1877.905,0.832018
DSU-SYN-48,34,113.457,128.76,33.329,93.114,78.118,33.158,1747.298,0.858149
DSU-SYN-48,35,113.65,122.308,36.245,94.578,82.297,26.531,1845.431,0.880797
DSU-SYN-48,36,112.263,131.655,40.492,96.054,88.024,27.784,1796.184,0.90025
DSU-SYN-48,37,115.169,145.157,34.962,97.554,80.188,22.126,1800.779,0.916827
DSU-SYN-48,38,127.44,135.867,39.851,93.608,71.298,26.302,1888.069,0.930862
DSU-SYN-48,39,116.937,133.051,34.481,101.592,82.667,29.893,1877.495,0.942676
DSU-SYN-48,40,114.084,128.875,34.787,107.413,92.548,31.716,1811.739,0.952574
DSU-SYN-48,41,108.887,138.912,38.158,97.177,83.815,25.54,1929.987,0.960834
DSU-SYN-48,42,122.13,130.158,34.023,103.951,82.325,33.676,1863.697,0.967705
DSU-SYN-48,43,114.369,133.882,34.991,103.387,91.605,31.972,1885.956,0.973403
DSU-SYN-48,44,114.105,133.696,34.916,105.533,92.398,29.043,1809.602,0.978119
DSU-SYN-48,45,124.161,134.494,35.674,106.117,83.402,28.491,1859.47,0.982014
DSU-SYN-48,46,109.932,135.447,34.109,93.466,82.3,27.834,1817.863,0.985226
DSU-SYN-48,47,117.798,133.138,36.148,111.071,85.646,30.825,1927.693,0.987872
DSU-SYN-48,48,116.287,135.325,36.091,98.211,83.104,28.087,1879.218,0.990048
DSU-SYN-48,49,106.774,141.468,41.45,98.057,90.651,32.032,1785.844,0.991837
DSU-SYN-48,50,121.302,131.882,41.782,95.938,92.137,28.89,2032.78,0.993307
DSU-SYN-49,1,94.531,107.716,35.383,96.128,51.751,24.889,1634.391,0.008163
DSU-SYN-49,2,102.497,99.479,36.749,95.852,57.614,28.568,1643.423,0.009952
DSU-SYN-49,3,100.239,100.244,36.749,97.337,54.074,25.892,1752.722,0.012128
DSU-SYN-49,4,95.048,93.011,32.373,85.063,41.882,26.875,1854.782,0.014774
DSU-SYN-49,5,97.111,99.574,31.496,92.015,45.64,26.44,1711.855,0.017986
DSU-SYN-49,6,100.847,99.303,34.824,99.327,52.618,28.612,1674.866,0.021881
DSU-SYN-49,7,94.961,107.738,35.18,105.199,60.971,27.383,1803.307,0.026597
DSU-SYN-49,8,92.735,99.946,32.914,90.674,45.349,27.661,1941.419,0.032295
DSU-SYN-49,9,102.318,100.837,36.504,96.464,50.752,26.429,1810.72,0.039166
DSU-SYN-49,10,101.055,103.296,32.188,89.905,52.997,27.793,1805.275,0.047426
DSU-SYN-49,11,92.318,109.031,36.654,82.86,59.397,26.24,1843.462,0.057324
DSU-SYN-49,12,103.882,111.251,36.623,96.49,43.342,21.747,1895.179,0.069138
DSU-SYN-49,13,105.154,99.168,33.51,92.009,48.373,29.559,1853.204,0.083173
DSU-SYN-49,14,97.596,116.827,30.679,99.005,45.914,26.547,1853.296,0.09975
DSU-SYN-49,15,103.315,102.584,33.443,94.471,46.118,28.603,1868.42,0.119203
DSU-SYN-49,16,101.675,103.95,33.989,103.697,59.181,30.655,1881.603,0.141851
DSU-SYN-49,17,106.733,102.687,34.098,104.389,58.633,26.501,1790.122,0.167982
DSU-SYN-49,18,99.487,101.88,39.057,102.435,49.574,24.74,1817.829,0.197816
DSU-SYN-49,19,98.319,105.077,37.697,92.816,68.58,25.136,1783.775,0.231475
DSU-SYN-49,20,110.229,113.191,34.639,101.727,58.031,27.993,1802.895,0.268941
DSU-SYN-49,21,90.117,103.101,39.836,111.476,54.843,25.429,1925.442,0.310026
DSU-SYN-49,22,105.519,111.126,29.195,120.265,64.095,27.515,1868.976,0.354344
DSU-SYN-49,23,109.106,111.445,35.973,105.102,57.563,29.212,1984.205,0.401312
DSU-SYN-49,24,106.766,111.302,39.465,93.844,54.429,28.479,1896.925,0.450166
DSU-SYN-49,25,103.966,117.183,35.854,93.547,57.673,28.767,1965.744,0.5
DSU-SYN-49,26,109.624,114.013,36.124,98.461,58.563,27.274,1957.959,0.549834
DSU-SYN-49,27,111.179,114.541,38.77,104.389,71.237,30.718,2000.429,0.598688
DSU-SYN-49,28,111.585,109.987,31.668,104.087,67.611,29.434,1997.085,0.645656
DSU-SYN-49,29,105.127,104.385,40.72,107.455,61.435,27.741,2107.775,0.689974
DSU-SYN-49,30,114.512,110.067,40.27,108.736,61.171,28.858,1977.453,0.731059
DSU-SYN-49,31,104.175,119.458,36.991,114.133,67.307,31.121,1900.304,0.768525
DSU-SYN-49,32,107.052,119.03,34.52,113.409,57.913,29.932,2166.321,0.802184
DSU-SYN-49,33,115.796,107.467,39.974,122.76,83.636,31.204,1967.062,0.832018
DSU-SYN-49,34,114.566,125.171,37.514,118.661,62.339,31.057,1896.14,0.858149
DSU-SYN-49,35,108.049,117.568,37.184,105.096,64.831,31.045,2071.169,0.880797
DSU-SYN-49,36,113.455,121.608,37.33,121.483,62.283,35.123,2160.954,0.90025
DSU-SYN-49,37,111.669,116.8,38.786,117.285,75.117,27.021,2118.635,0.916827
DSU-SYN-49,38,103.119,117.613,41.973,105.496,59.235,30.983,2189.345,0.930862
DSU-SYN-49,39,115.541,109.189,34.188,114.848,61.991,30.823,2109.488,0.942676
DSU-SYN-49,40,111.644,127.964,39.92,121.749,74.788,30.147,2085.127,0.952574
DSU-SYN-49,41,112.753,122.445,36.859,125.011,64.955,31.094,2085.181,0.960834
DSU-SYN-49,42,112.111,130.025,37.421,112.984,65.583,30.689,2096.186,0.967705
DSU-SYN-49,43,108.871,117.144,40.07,121.099,69.825,30.758,2079.717,0.973403
DSU-SYN-49,44,112.04,114.752,34.678,110.827,75.2,29.569,2082.18,0.978119
DSU-SYN-49,45,112.795,125.644,36.267,116.789,69.443,30.816,2124.675,0.982014
DSU-SYN-49,46,114.966,123.443,38.531,125.664,70.185,26.401,2153.216,0.985226
DSU-SYN-49,47,116.688,119.689,37.968,102.568,58.29,34.79,2068.342,0.987872
DSU-SYN-49,48,119.595,111.55,36.011,119.376,69.399,32.024,2109.026,0.990048
DSU-SYN-49,49,113.761,116.197,35.652,123.759,79.454,28.091,2033.232,0.991837
DSU-SYN-49,50,113.087,121.326,38.189,118.373,69.784,30.407,2279.874,0.993307
DSU-SYN-50,1,107.488,125.741,21.341,79.929,76.288,17.204,2032.091,0.008163
DSU-SYN-50,2,110.246,112.259,19.623,82.853,94.901,16.178,1994.497,0.009952
DSU-SYN-50,3,111.943,126.393,17.917,79.705,86.515,15.884,2115.389,0.012128
DSU-SYN-50,4,109.702,119.678,19.025,79.135,91.324,15.022,2006.121,0.014774
DSU-SYN-50,5,110.077,117.625,16.466,78.566,93.491,20.136,2169.925,0.017986
DSU-SYN-50,6,103.787,111.973,17.067,77.688,86.689,15.802,2050.926,0.021881
DSU-SYN-50,7,112.862,111.225,23.673,77.436,94.519,15.754,2113.854,0.026597
DSU-SYN-50,8,111.048,122.26,17.345,86.744,79.375,19.601,2083.67,0.032295
DSU-SYN-50,9,105.58,127.86,22.497,65.143,89.526,19.021,2108.34,0.039166
DSU-SYN-50,10,118.398,124.786,18.579,91.431,94.251,16.413,2041.234,0.047426
DSU-SYN-50,11,117.215,114.462,16.94,76.548,90.962,16.849,1990.68,0.057324
DSU-SYN-50,12,117.022,116.617,23.072,80.07,96.668,18.96,2178.466,0.069138
DSU-SYN-50,13,114.315,120.067,20.824,93.47,87.726,19.429,2090.255,0.083173
DSU-SYN-50,14,114.292,119.401,12.778,77.718,95.674,15.598,2160.062,0.09975
DSU-SYN-50,15,113.03,118.583,20.532,83.433,92.589,20.132,2115.649,0.119203
DSU-SYN-50,16,104.297,118.057,13.868,83.789,95.896,20.042,2142.463,0.141851
DSU-SYN-50,17,117.83,112.535,18.238,71.931,88.891,21.838,2192.592,0.167982
DSU-SYN-50,18,116.839,120.047,16.169,82.199,98.302,18.948,2014.017,0.197816
DSU-SYN-50,19,114.656,111.994,20.828,77.659,84.973,20.109,2174.27,0.231475
DSU-SYN-50,20,115.97,133.194,20.589,78.772,96.176,17.506,2235.026,0.268941
DSU-SYN-50,21,116.952,124.875,15.597,83.913,93.545,15.834,2143.173,0.310026
DSU-SYN-50,22,118.524,123.751,15.89,82.881,91.961,19.064,2177.961,0.354344
DSU-SYN-50,23,115.132,122.365,19.818,91.331,97.38,22.335,2265.388,0.401312
DSU-SYN-50,24,125.553,132.341,23.797,79.709,100.57,22.029,2298.653,0.450166
DSU-SYN-50,25,115.113,129.681,20.322,98.807,89.358,17.269,2088.926,0.5
DSU-SYN-50,26,120.587,138.611,20.267,89.427,101.98,19.111,2256.243,0.549834
DSU-SYN-50,27,122.704,123.943,20.382,94.347,105.227,22.853,2268.758,0.598688
DSU-SYN-50,28,123.367,132.767,19.361,87.114,99.846,16.616,2287.851,0.645656
DSU-SYN-50,29,127.632,126.264,22.153,88.129,95.382,25.129,2202.507,0.689974
DSU-SYN-50,30,116.729,131.627,21.937,96.811,114.31,18.22,2244.498,0.731059
DSU-SYN-50,31,131.844,135.924,23.45,90.093,109.808,22.328,2309.496,0.768525
DSU-SYN-50,32,121.481,132.367,25.736,87.809,98.927,18.892,2277.569,0.802184
DSU-SYN-50,33,124.864,137.164,22.914,95.394,105.984,22.146,2197.557,0.832018
DSU-SYN-50,34,130.771,128.709,20.78,97.646,104.392,21.914,2333.043,0.858149
DSU-SYN-50,35,124.374,140.893,23.77,97.915,109.453,19.028,2482.144,0.880797
DSU-SYN-50,36,120.733,134.165,21.379,94.584,102.961,18.944,2418.93,0.90025
DSU-SYN-50,37,120.446,138.815,23.798,94.609,109.214,20.548,2263.649,0.916827
DSU-SYN-50,38,121.27,137.427,23.754,98.656,103.95,20.526,2322.141,0.930862
DSU-SYN-50,39,118.2,134.669,23.609,97.869,117.15,18.54,2302.196,0.942676
DSU-SYN-50,40,127.778,135.76,17.598,101.297,108.223,15.794,2343.273,0.952574
DSU-SYN-50,41,123.219,132.423,19.047,100.36,117.469,21.79,2202.764,0.960834
DSU-SYN-50,42,128.813,133.84,19.673,100.136,112.314,19.485,2240.921,0.967705
DSU-SYN-50,43,117.43,131.587,22.065,95.043,103.05,22.6,2390.09,0.973403
DSU-SYN-50,44,128.571,139.083,20.836,91.676,104.11,19.722,2215.516,0.978119
DSU-SYN-50,45,124.915,140.595,24.498,101.48,108.112,24.839,2286.063,0.982014
DSU-SYN-50,46,122.877,140.75,22.58,94.372,110.698,20.134,2302.612,0.985226
DSU-SYN-50,47,123.422,136.784,23.039,107.558,105.699,20.473,2462.807,0.987872
DSU-SYN-50,48,132.716,135.94,18.633,93.634,101.158,21.341,2327.101,0.990048
DSU-SYN-50,49,135.834,127.39,19.64,100.013,110.647,14.79,2241.743,0.991837
DSU-SYN-50,50,126.528,142.054,27.27,96.09,106.524,19.172,2407.987,0.993307
